SalePrice,Gr_Liv_Area,Lot_Area,Year_Built,Total_Bsmt_SF,Central_Air,Overall_Cond
215000,1656,31770,1960,1080,Y,5
105000,896,11622,1961,882,Y,6
172000,1329,14267,1958,1329,Y,6
244000,2110,11160,1968,2110,Y,5
189900,1629,13830,1997,928,Y,5
195500,1604,9978,1998,926,Y,6
213500,1338,4920,2001,1338,Y,5
191500,1280,5005,1992,1280,Y,5
236500,1616,5389,1995,1595,Y,5
189000,1804,7500,1999,994,Y,5
175900,1655,10000,1993,763,Y,5
185000,1187,7980,1992,1168,Y,7
180400,1465,8402,1998,789,Y,5
171500,1341,10176,1990,1300,Y,5
212000,1502,6820,1985,1488,Y,5
538000,3279,53504,2003,1650,Y,5
164000,1752,12134,1988,559,Y,7
394432,1856,11394,2010,1856,Y,2
141000,864,19138,1951,864,Y,5
210000,2073,13175,1978,1542,Y,6
190000,1844,11751,1977,1844,Y,6
170000,1173,10625,1974,1053,Y,6
216000,1674,7500,2000,814,Y,5
149000,1004,11241,1970,1004,Y,7
149900,1078,12537,1971,1078,Y,6
142000,1056,8450,1968,1056,Y,6
126000,882,8400,1970,882,Y,5
115000,864,10500,1971,864,Y,5
184000,1337,5858,1999,1405,Y,5
96000,987,1680,1971,483,Y,5
105500,1092,1680,1971,525,Y,5
88000,1092,1680,1971,525,Y,5
127500,1069,4043,1977,1069,Y,5
149900,1456,2280,1975,855,Y,6
120000,836,2280,1975,836,Y,6
146000,1456,2280,1978,855,Y,5
376162,2334,12858,2009,1590,Y,5
306000,1704,11478,2007,1704,Y,5
395192,1940,10159,2009,1930,Y,5
290941,1544,12883,2009,1544,Y,5
220000,1541,12182,2005,1541,Y,5
275000,1698,11520,2005,1698,Y,5
259000,1822,14122,2005,1822,Y,5
214000,1535,10171,2004,1517,Y,5
611657,2364,12919,2009,2330,Y,5
224000,1358,6371,2009,1358,Y,5
500000,2696,14300,2003,2846,Y,5
320000,2250,13650,2002,1671,Y,5
319900,1752,7658,2005,1752,Y,5
205000,1370,7132,2006,1370,Y,5
175500,1626,2628,2003,764,Y,5
199500,1324,18494,2005,1324,Y,5
160000,1145,3203,2006,1145,Y,5
192000,1269,3182,2004,1256,Y,5
184500,1374,13300,2004,384,Y,5
216500,1960,7851,2002,860,Y,5
185088,1733,8577,2004,847,Y,5
180000,1430,7750,2000,384,Y,5
222500,2035,9505,2001,884,Y,5
333168,2599,14774,1999,1393,Y,5
355000,2475,17433,1998,1629,Y,5
260400,1720,10593,1996,1720,Y,5
325000,2622,12256,1994,1463,Y,5
290000,2270,11764,1999,1152,Y,7
221000,1839,16770,1998,1195,Y,5
410000,3238,14720,1995,2033,Y,5
221500,1595,8987,2005,1595,Y,5
204500,1218,9215,2009,1218,Y,5
215200,1547,8640,2009,756,Y,5
262500,1566,9000,2008,1566,Y,5
254900,1947,12552,2004,991,Y,5
271500,1468,10440,2005,1468,Y,5
233000,2084,10142,2004,956,Y,5
181000,1659,11920,2004,831,Y,5
205000,2110,8880,1994,948,Y,5
143000,923,8012,1980,923,Y,5
189000,1845,11218,1992,1055,Y,5
99500,918,7892,1979,918,Y,5
125000,752,7175,1984,744,Y,5
194500,1744,9453,1993,996,Y,7
152000,1097,9672,1984,1040,Y,5
171000,1564,8400,1980,650,Y,6
67500,1012,9800,1920,816,N,5
112000,1902,8930,1978,0,Y,5
148000,1155,11782,1961,1109,Y,7
138500,894,8450,1965,894,Y,8
122000,900,9819,1967,882,Y,5
133000,1040,7500,1963,1040,Y,5
127000,1040,6897,1962,1040,Y,8
169000,1494,15410,1974,1208,Y,6
190000,1923,10186,1992,750,Y,5
362500,2349,13143,1993,1231,Y,5
285000,2225,11134,1992,1390,Y,5
260000,1488,4835,2004,1488,Y,5
190000,1680,3515,2004,840,Y,5
155000,1200,3215,2004,600,Y,5
151000,1200,3182,2004,600,Y,5
149500,1200,2544,2004,600,Y,5
152000,1236,2544,2005,600,Y,5
222000,1478,4403,2009,1470,Y,5
177500,1573,2117,2000,756,Y,5
177000,1512,2980,2000,756,Y,5
155000,1416,2572,1999,696,Y,5
147110,1080,2403,2003,530,Y,5
267916,1418,12853,2010,1642,Y,5
254000,1848,7379,2000,975,Y,5
155000,788,4420,1980,728,Y,5
206000,1226,3880,1978,1226,Y,6
130500,1479,13517,1976,725,Y,8
230000,1492,8000,2002,1492,Y,5
218500,1829,10456,1967,1829,Y,6
243500,2495,10791,1993,1280,Y,5
205000,1610,10603,1977,1610,Y,7
212500,1891,18837,1978,1224,Y,5
196500,1714,10421,1988,980,Y,5
197500,1381,9360,1972,1161,Y,7
171000,1645,9600,1971,715,Y,6
142250,1232,9600,1966,1232,Y,5
143000,1328,9790,1963,1328,Y,5
128950,1225,9320,1959,950,Y,5
159000,1209,9900,1966,1209,Y,5
178900,1510,9680,1967,1510,Y,6
136300,1775,10600,1964,533,Y,5
180500,1152,14112,1964,1152,Y,7
137500,1054,8800,1963,936,Y,7
84900,1728,13260,1962,1728,Y,6
142125,1078,9717,1950,1078,Y,6
197600,2461,9724,1952,1140,Y,7
172500,1556,17360,1949,782,Y,6
116500,858,7207,1958,858,Y,7
76500,1306,5350,1940,728,Y,2
128000,1063,9920,1954,1056,Y,5
153000,1520,9600,1955,1156,Y,6
132000,1268,7800,1954,1268,Y,6
178000,1128,11380,1966,1080,Y,8
154300,2274,11600,1960,1105,Y,5
180000,2207,19900,1970,1947,Y,5
190000,1888,16492,1966,1517,Y,6
135000,1604,8267,1958,1604,Y,5
214000,1480,8197,2003,1480,Y,5
136000,1143,8050,1959,1143,Y,5
165500,1700,10552,1959,1398,Y,5
145000,1314,8400,1957,1314,Y,6
148000,1194,8760,1959,1194,Y,6
142000,1188,12160,1959,1188,Y,5
167500,1264,9300,1960,1268,Y,5
108538,1206,10725,1959,1206,Y,5
159500,1580,10032,1959,1244,Y,5
108000,1337,8382,1956,832,Y,5
135000,1064,10950,1952,864,Y,7
122500,972,10895,1955,972,Y,6
119000,988,13587,1958,988,Y,5
109000,1057,7922,1953,1057,Y,7
105000,985,7898,1920,576,Y,7
107500,827,7200,1955,0,Y,7
144900,1086,10200,1954,1086,Y,7
129000,936,5868,1956,936,Y,7
97500,1458,17503,1948,912,Y,5
144000,1056,6979,1980,1056,Y,5
162000,1287,9830,1959,1063,Y,7
242000,2978,11275,1967,710,Y,7
132000,1224,8064,1948,816,Y,8
154000,1246,7500,1959,1246,Y,7
166000,1385,8520,1952,910,Y,4
134800,900,7200,1951,900,Y,7
160000,1116,10000,1962,1116,Y,6
148000,1175,7635,1960,1175,Y,6
192000,1395,9760,1963,1395,Y,7
155000,1839,7700,1966,756,Y,5
80400,1844,4800,1900,709,Y,5
96500,1140,8800,1910,576,Y,7
109500,936,4485,1920,936,Y,7
115000,1028,8960,1927,1008,Y,6
143000,1347,5805,1957,1347,Y,7
107400,1605,5790,1915,840,N,6
80000,747,4608,1945,747,Y,6
119000,804,7200,1940,788,Y,7
130000,1316,5500,1929,926,Y,7
119000,1251,6900,1938,827,Y,7
129000,1633,11851,1948,1027,Y,7
100000,1245,8239,1920,1008,Y,6
12789,832,9656,1923,678,N,2
105900,720,8520,1928,624,Y,8
150000,1566,9600,1900,930,N,9
139000,1652,10800,1915,686,Y,6
240000,2268,9000,1890,346,Y,9
76500,2256,9045,1910,840,N,3
149700,1236,7407,1957,912,Y,7
125500,1363,7740,1910,622,Y,7
122500,2290,11340,1885,777,Y,6
140750,1470,10560,1922,738,Y,7
128500,1612,5830,1950,988,Y,6
209500,2068,7793,1922,1108,N,7
87000,765,5000,1925,765,N,7
134000,1132,6000,1939,608,Y,7
128000,1196,6000,1940,572,Y,6
132000,1453,6360,1942,835,Y,6
139900,1416,6000,1948,780,Y,7
123900,1040,6240,1936,528,Y,7
138400,1536,6240,1930,928,Y,5
109500,1068,6120,1923,1124,Y,5
140000,1710,10300,1921,576,Y,6
149500,1962,8094,1915,888,Y,5
159900,1560,12900,1912,780,Y,8
122000,1324,3068,1920,662,Y,8
110000,816,8472,1963,816,N,5
55000,1092,5600,1930,0,N,5
140000,1812,7630,1900,360,Y,9
244400,2403,24090,1940,1032,Y,7
173000,1675,15263,1959,1422,Y,5
107500,1224,10632,1917,689,N,3
100000,1392,9900,1915,1212,N,4
95000,919,6001,1940,600,N,5
93369,1884,6449,1907,707,N,1
114900,1680,6048,1910,856,Y,7
94000,1020,6342,1875,780,N,8
136000,1832,10773,1967,1832,N,3
136500,1768,10778,1968,1768,N,5
131500,1039,11625,1965,1039,Y,4
121500,1392,11341,1957,1392,Y,6
125000,912,8521,1967,912,Y,5
154000,1060,8246,1968,1060,Y,8
137900,892,7800,1966,864,Y,7
158000,1352,9364,1969,663,Y,7
137250,864,7832,1968,864,Y,5
160250,1373,7424,1978,1319,Y,5
163000,1440,11227,1968,720,Y,5
158900,1386,11616,1978,672,Y,5
328000,2260,14000,1996,1306,Y,5
270000,1483,20062,1977,1420,Y,7
85000,756,9259,1927,660,N,4
128000,1067,9600,1950,1067,Y,7
260000,1524,23595,1979,1332,Y,6
230000,1981,17082,1978,1117,Y,5
124000,1610,18600,1938,972,Y,4
83000,835,10625,1920,458,N,5
144500,1074,11479,1950,663,Y,7
129000,1144,9571,1956,1144,Y,6
127000,1531,9350,1947,756,Y,6
128000,1172,9525,1954,1172,Y,7
186000,1212,10420,2009,1212,Y,5
308030,1508,17485,2009,1508,Y,5
114000,1298,11200,1964,1250,Y,3
84900,930,11100,1946,0,Y,7
178000,1732,9206,1985,741,Y,5
270000,1433,11980,1987,1433,Y,5
218000,1802,12361,1993,946,Y,7
236000,1949,9938,1993,1050,Y,5
147000,996,9069,1992,936,Y,6
245350,1694,10475,2008,1694,Y,5
206000,1208,6762,2006,1187,Y,5
198900,1226,10402,2009,1226,Y,5
187000,1222,7360,2010,1222,Y,5
320000,3222,12376,1990,1673,Y,5
138500,1445,14235,1900,676,Y,8
155000,1052,8816,1971,1010,Y,7
159000,965,11105,1996,870,Y,5
191000,1692,9337,1997,878,Y,5
200500,1682,8750,1998,804,Y,5
150000,1026,15240,1977,1026,Y,8
161750,1392,10900,1977,689,Y,7
128200,894,10650,1976,894,Y,6
127000,876,7480,1972,876,Y,6
318000,1978,10389,2003,1978,Y,5
272000,1601,11423,2001,1581,Y,5
237000,1829,9548,2003,941,Y,6
240000,2098,9375,1997,1040,Y,5
224900,1661,12137,1998,1649,Y,5
143750,848,4435,2003,848,Y,5
143000,848,4426,2004,848,Y,5
232000,1668,10635,2003,1657,Y,5
213000,1484,8400,2004,1473,Y,5
185500,1414,8773,2004,1414,Y,5
84900,640,8777,1945,0,N,6
155891,992,8842,1954,381,Y,6
100000,1664,9825,1965,0,N,5
144000,1196,10044,1968,1196,Y,6
64000,1120,11792,1948,744,N,5
125200,1096,6305,1975,1008,Y,6
107000,1117,7819,1976,1029,Y,5
90000,960,6410,1958,960,Y,5
140000,1121,8546,2003,1121,Y,5
113000,1487,8741,1945,735,Y,4
80000,924,12180,1941,672,N,4
144500,1526,8562,1957,1216,Y,6
104000,1296,4853,1924,1107,N,6
128000,1647,6858,1915,806,N,4
58500,864,8212,1914,864,N,3
127000,1691,5000,1924,1026,Y,6
126000,856,7890,1939,856,Y,6
160000,2650,7200,1967,0,Y,6
100000,1666,9839,1931,894,Y,2
169000,2447,9638,1919,804,Y,7
257500,2133,10452,1941,1528,Y,6
215000,2177,15600,1950,1032,Y,6
266500,2340,9042,1941,1152,Y,9
335000,1902,17500,1959,1902,Y,8
203135,1652,19645,1994,423,Y,6
185000,1034,3907,1989,982,Y,6
162500,1191,3907,1989,1191,Y,5
289000,1801,15602,1959,1501,Y,8
125500,1154,5436,1922,796,Y,8
82000,540,8154,1941,480,Y,5
110000,1107,9140,1921,629,Y,5
68400,1128,7500,1920,698,Y,4
102776,1178,8712,1900,859,Y,7
55993,1044,8712,1952,540,N,5
50138,952,8712,1896,756,Y,7
246000,1646,3811,2004,1594,Y,5
254900,1916,11050,1998,1049,Y,5
190000,1285,9620,1977,1243,Y,7
201000,1560,9196,2003,1560,Y,5
169900,1034,12328,1976,1012,Y,5
170000,2048,12760,1976,1958,Y,5
160000,1687,57200,1948,747,Y,5
220000,1346,11896,2008,1336,Y,5
179781,1214,9803,2009,1214,Y,5
174000,1444,9802,2006,384,Y,5
269500,1968,12003,2009,774,Y,5
214900,1894,11316,2002,817,Y,5
202900,1908,14191,2002,967,Y,5
378500,2018,13214,2008,2002,Y,5
169000,1264,15300,1965,1068,Y,5
173500,1430,10114,2004,1430,Y,5
139000,1824,9400,1971,912,Y,5
166500,1344,11875,1999,1344,Y,5
83500,1092,1974,1973,546,Y,5
119500,945,2394,1973,945,Y,6
85000,1112,2592,1976,536,Y,3
76000,1092,1476,1970,546,Y,7
75500,630,1491,1972,630,Y,6
88250,1092,1900,1970,546,Y,4
85500,1092,1890,1972,546,Y,6
130000,874,6953,1971,864,Y,7
157900,1188,26142,1962,1188,Y,7
149900,833,12887,1984,833,Y,7
159000,2432,7700,1985,1216,Y,2
136000,1274,10475,1991,624,Y,5
161000,1479,10544,1969,864,Y,5
285000,1803,9892,1994,1679,Y,5
231000,1797,12961,1993,1152,Y,5
124500,882,13008,1956,882,Y,5
157000,1434,10200,1974,1434,Y,5
345000,2704,13860,1972,1952,Y,7
189500,1608,10179,1997,945,Y,5
270000,2283,11792,2003,1008,Y,5
189000,1628,8400,1996,384,Y,5
377500,1746,14892,2006,1746,Y,5
168500,1474,8530,1995,384,Y,5
375000,2522,7296,2004,2208,Y,5
278000,1659,5664,2000,1501,Y,5
240000,1478,7380,1998,1418,Y,5
239500,1734,8013,1995,1587,Y,5
177500,1382,8923,1998,384,Y,5
185000,1718,10141,1998,832,Y,5
191000,1636,7500,1998,952,Y,5
178000,1571,7837,1993,799,Y,7
185000,1470,9765,1993,680,Y,8
181316,1516,8803,1994,707,Y,5
166000,1190,7250,1993,1181,Y,5
178000,1593,9636,1992,808,Y,5
174000,1481,8125,1994,702,Y,5
173000,1167,9248,1992,1158,Y,6
225000,1983,10762,1999,978,Y,5
180500,1442,11851,1990,1424,Y,5
187500,1360,5814,1984,1220,Y,5
501837,2234,17423,2008,2216,Y,5
372500,2046,11844,2008,2046,Y,5
260000,1530,16158,2005,1530,Y,5
185000,1934,11900,1977,1122,Y,6
260000,2353,13005,1980,845,Y,7
181000,1586,17043,1979,1362,Y,5
82500,1411,11900,1977,1386,Y,5
215000,1602,16635,1977,1602,Y,7
154000,2050,13250,1978,832,Y,6
200000,1671,10928,1978,1427,Y,6
249000,2673,12388,1980,1043,Y,7
187500,1472,14115,1980,1372,Y,5
184000,1707,11088,1978,1140,Y,5
278000,2524,9600,1981,2524,Y,5
157000,1601,11880,1978,1271,Y,5
152000,1370,10400,1976,1090,Y,5
197500,1868,10304,1976,780,Y,7
240900,1884,7000,2003,926,Y,5
263435,1935,8004,2009,832,Y,5
220000,1874,7500,2000,1058,Y,5
235000,1811,8470,2002,972,Y,5
213000,1621,9373,1975,1621,Y,7
167900,1116,10140,1974,1116,Y,6
158000,1193,11050,1975,1176,Y,5
165000,1350,10140,1974,1064,Y,5
158000,2119,10448,1972,689,Y,6
136000,1792,9000,1974,896,Y,5
148500,1002,8750,1970,1002,Y,6
156000,1026,7930,1969,1026,Y,8
128000,1180,7830,1970,1180,Y,5
143000,1050,8510,1971,1043,Y,7
76500,864,7038,1970,864,Y,6
120500,864,6960,1970,864,Y,6
124500,864,8120,1970,864,Y,7
97000,864,10500,1971,864,Y,6
130000,864,9000,1971,864,Y,7
111000,987,1680,1973,483,Y,5
125000,1365,2368,1970,765,Y,6
112000,1302,1680,1971,630,Y,5
97000,987,1680,1972,483,Y,6
118000,987,1680,1972,483,Y,8
119500,1302,1680,1972,630,Y,7
143750,958,4928,1976,958,Y,6
146000,1548,2308,1976,804,Y,5
148500,1456,2280,1976,855,Y,6
123000,1055,2280,1975,1057,Y,5
147000,1322,2308,1974,855,Y,5
137900,1456,2349,1977,855,Y,5
147000,1548,2364,1978,804,Y,5
148500,1441,2289,1978,855,Y,6
138000,1456,2364,1978,855,Y,5
128500,836,2104,1976,836,Y,6
100000,892,7150,1967,892,Y,5
148800,1120,10710,1966,864,Y,7
337500,1718,12456,2006,1700,Y,5
462000,2772,14257,2007,1776,Y,5
485000,3140,13518,2008,1926,Y,5
555000,2402,15431,2008,3094,Y,5
325000,1652,13173,2006,1652,Y,5
256300,1600,14230,2007,1566,Y,5
253293,2042,12704,2008,2042,Y,5
398800,2690,12350,2009,1365,Y,5
335000,2184,11308,2008,1104,Y,5
404000,2020,12350,2008,2020,Y,5
402861,2020,12220,2009,2006,Y,5
451950,2296,13478,2008,1722,Y,5
610000,2674,13693,2007,2630,Y,5
582933,2822,13891,2008,1734,Y,5
360000,1736,11578,2008,1736,Y,5
296000,1782,16870,2004,1782,Y,5
409900,2520,23303,2007,1508,Y,5
255500,1717,11146,2006,1709,Y,5
335000,1743,10367,2008,1739,Y,5
274900,1713,9591,2004,1713,Y,5
300000,1531,10872,2006,1504,Y,5
324000,1808,13514,2008,1774,Y,5
350000,2224,8834,2004,1462,Y,5
280000,1836,11362,2004,1836,Y,5
284000,1629,10655,2003,3206,Y,5
269500,1760,12878,2003,1760,Y,5
233170,1502,9541,2009,1502,Y,5
386250,2392,13472,2003,2392,Y,5
445000,2452,15274,2003,2452,Y,5
290000,2400,13262,2003,1082,Y,5
255900,1606,9658,2006,1598,Y,5
213000,1358,6904,2005,1358,Y,5
196000,1306,5381,2005,1306,Y,5
184500,1306,5122,2005,1306,Y,5
212500,1358,10307,2007,1350,Y,5
230000,1314,5001,2007,1314,Y,5
552000,2492,14836,2004,2492,Y,5
382500,2200,15262,2003,2200,Y,5
320000,1884,7390,2008,1884,Y,5
248500,1456,6472,2008,1451,Y,5
286500,1712,16770,2002,1712,Y,5
254000,1324,6240,2006,1324,Y,5
173000,1405,3480,2003,1405,Y,5
173000,1626,2268,2003,764,Y,5
184000,1456,10928,2005,728,Y,5
167800,1490,8918,2005,745,Y,5
174000,1484,12589,2005,742,Y,5
174000,1560,11911,2005,684,Y,5
174000,1555,3684,2007,1373,Y,5
175900,1569,3635,2007,1386,Y,5
192500,1555,3182,2005,1373,Y,5
181000,1504,3182,2005,1346,Y,5
180000,1220,3182,2005,1220,Y,5
160200,1145,3182,2005,1145,Y,5
188500,1432,7795,2004,716,Y,5
200000,2267,8068,2002,1010,Y,5
170000,1374,9434,2004,384,Y,5
189500,1630,7984,2004,868,Y,5
184100,1419,7750,2002,408,Y,5
195500,1594,10125,2004,846,Y,5
192000,1489,8965,2003,782,Y,5
178000,1342,8174,2003,698,Y,5
207500,1314,5063,2007,1314,Y,5
236000,2256,8795,2000,952,Y,5
257500,2004,12891,2002,870,Y,5
244000,2054,12224,2000,992,Y,5
167000,1374,9734,2004,384,Y,5
179000,1800,8123,2000,982,Y,5
190000,1514,8433,2000,794,Y,5
156000,1430,7750,1999,384,Y,5
245000,2312,15896,1999,1177,Y,5
181000,1675,24682,1999,841,Y,5
214000,2060,8755,1999,992,Y,5
168000,1430,7848,1999,384,Y,6
337000,2365,9430,1999,1252,Y,5
403000,2794,15138,1995,1462,Y,5
327000,2687,12720,2000,1455,Y,5
340000,2450,16545,1998,1284,Y,5
336000,2612,12203,1998,1225,Y,5
265000,2344,10208,1996,1264,Y,5
315000,2063,10750,1994,2024,Y,5
260000,2646,9900,1993,1347,Y,5
260000,2061,9085,1995,1070,Y,5
263550,2232,11692,1993,1173,Y,5
402000,2448,46589,1994,1629,Y,7
248000,1850,29959,1994,973,Y,6
244600,1468,9612,2008,1468,Y,5
275000,1696,11194,2008,1696,Y,5
257500,1658,10206,2008,1614,Y,5
287090,1578,9262,2008,1573,Y,5
275500,1702,10130,2007,1702,Y,5
245000,1432,9139,2006,1422,Y,5
253000,1971,9675,2005,1113,Y,5
468000,2490,11128,2005,2458,Y,5
252678,1852,8640,2009,900,Y,5
210000,1590,9000,2008,768,Y,5
208300,1218,7862,2009,1218,Y,5
225000,1436,7993,2008,1436,Y,5
229456,1314,8640,2009,1300,Y,5
229800,1402,8640,2008,1402,Y,5
250000,1530,12606,2007,1530,Y,5
370878,1766,9187,2009,1766,Y,5
238500,1448,7500,2006,1372,Y,5
310000,2007,11003,2008,1017,Y,5
270000,1795,10603,2006,900,Y,5
252000,1953,10574,2005,1082,Y,5
241000,1550,8125,2006,1092,Y,5
264500,1836,8125,2008,1836,Y,5
291000,1662,10625,2006,1652,Y,5
263000,2094,9375,2003,912,Y,5
185000,1221,7500,2004,1221,Y,5
234500,1553,8736,2003,1553,Y,5
209000,1653,8127,2003,812,Y,5
159000,1218,9605,2007,1218,Y,6
152000,1141,7500,2006,1141,Y,5
143500,1158,7500,2004,1158,Y,5
193000,1812,10628,2004,835,Y,5
203000,1512,10141,2004,1512,Y,5
184900,1200,10083,2003,1176,Y,5
159000,1114,13072,2004,1114,Y,5
142000,1114,13072,2004,1114,Y,5
153000,1114,12450,2003,1114,Y,5
224243,1450,7328,2008,1450,Y,5
220000,2122,11492,1996,913,Y,5
257000,1844,10994,2005,1844,Y,5
189000,1434,8529,2001,1454,Y,5
171500,1730,7703,1992,816,Y,6
120000,1217,10762,1980,626,Y,6
145000,1332,7175,1990,1332,Y,5
184000,1540,9109,1994,754,Y,5
162000,1400,10274,1986,676,Y,7
160000,1882,8250,1981,0,Y,7
82000,841,8400,1950,721,Y,4
76000,784,9000,1928,784,N,3
110000,980,9750,1962,980,Y,5
135000,980,7064,1977,980,Y,6
141000,864,8499,1961,864,Y,6
122000,864,9079,1961,864,Y,5
124100,1020,9316,1965,1024,Y,5
129000,912,7791,1963,912,Y,8
131400,1144,10000,1961,864,Y,6
62383,864,8281,1965,864,Y,5
123000,912,7150,1962,912,Y,6
275000,2014,15676,1980,2014,Y,8
235000,1755,11949,1991,975,Y,8
280750,3005,2880,2004,1376,Y,5
164500,1224,3951,2009,612,Y,5
173733,1224,3000,2009,612,Y,5
222000,1726,3830,2008,1726,Y,5
195000,1256,4217,2008,1145,Y,5
172500,1471,3230,1999,729,Y,5
180000,1512,2998,2000,756,Y,5
156000,1452,3768,1999,691,Y,5
172500,1739,2645,1999,970,Y,5
318750,1694,14694,1977,1694,Y,9
211500,1226,3782,1981,1226,Y,5
241600,1740,15417,1981,1740,Y,5
180500,2499,9600,1976,392,Y,5
150000,1620,9991,1976,1281,Y,4
154000,1556,11700,1968,727,Y,6
185000,1442,11717,1970,1442,Y,6
185750,1489,9156,1968,1489,Y,7
200000,2090,10382,1973,1107,Y,6
206000,2067,12732,1974,752,Y,6
162000,1395,12936,1972,723,Y,6
256900,2640,10400,1967,932,Y,7
197900,1724,17871,1967,1680,Y,5
163000,1336,9600,1969,1288,Y,5
113000,1216,9000,1969,1216,Y,5
230000,2288,13774,1977,908,Y,7
167900,1334,9650,1977,1350,Y,5
213250,1680,10140,1998,1650,Y,5
227000,1665,8400,2001,810,Y,6
130000,864,7130,1967,864,Y,6
143000,1568,9600,1967,1568,Y,5
117500,925,9100,1965,925,Y,6
168500,2061,9600,1974,1165,Y,5
172500,1320,16500,1971,1232,Y,5
161500,1342,9790,1967,1372,Y,5
141500,894,7436,1960,894,Y,7
118000,864,8125,1959,864,Y,7
127500,864,9100,1959,864,Y,6
140000,1362,9450,1957,1040,Y,5
177625,1728,13495,1956,1048,Y,6
110000,1776,11475,1958,1584,Y,5
167000,1516,10004,1964,1516,Y,6
153000,1313,9350,1961,1313,Y,6
145100,1292,10500,1964,1292,Y,5
154000,1154,11000,1966,1154,Y,6
177500,2140,8970,1965,744,Y,6
158000,1445,12095,1964,1127,Y,6
124500,1041,9600,1959,1041,Y,6
174500,1576,11475,1961,1208,Y,6
122000,960,9768,1955,960,Y,5
82500,708,5330,1940,420,Y,7
110000,1203,7015,1950,709,Y,4
149500,1505,12160,1953,1505,Y,4
175000,1691,9900,1967,1680,Y,5
167000,1644,9600,1953,1416,Y,5
128900,1050,9600,1956,1050,Y,6
140000,1668,9600,1950,856,Y,8
147000,1113,9600,1950,1113,Y,7
124000,1584,8944,1967,1584,Y,5
187500,1453,10573,1961,1453,Y,6
159000,1394,9500,1963,1394,Y,5
256000,1567,14695,1966,1562,Y,8
205000,1986,13600,1965,768,Y,6
193500,2142,13000,1968,896,Y,6
110000,1392,13560,1968,1392,Y,3
104900,1738,12513,1920,715,Y,4
150000,1144,8760,1956,1169,Y,7
156500,1478,8400,1957,1478,Y,3
176000,1329,12285,1960,1329,Y,6
149500,988,9240,1959,988,Y,8
139000,1632,9600,1958,1240,Y,6
155000,1215,12400,1958,1215,Y,7
120000,1202,8750,1956,1202,Y,5
153000,1382,8750,1955,1382,Y,5
144000,1200,10400,1956,1200,Y,5
176000,1382,19296,1962,1362,Y,5
153000,1297,8532,1954,1297,Y,6
135000,1866,9482,1958,1866,Y,4
131000,1062,8128,1954,1062,Y,7
123000,1319,10634,1953,608,Y,6
126000,1112,13070,1951,631,Y,5
115000,1005,10434,1955,1005,Y,5
164900,1363,14559,1951,1008,Y,7
113000,793,8480,1945,793,Y,6
145500,1031,7626,1952,1031,Y,8
102900,1210,9533,1953,0,Y,5
95000,1699,10615,1900,978,Y,5
152500,1527,11419,1948,699,Y,7
129900,1200,9600,1950,1200,Y,6
132000,972,8000,1948,972,Y,6
99900,792,5470,1958,792,Y,5
135000,1656,10410,1916,660,Y,7
149000,1352,10800,1939,676,Y,7
114000,1039,8146,1900,405,Y,8
109500,792,9022,1924,768,Y,8
125000,1078,10230,1925,1054,Y,7
142900,2377,10410,1915,1313,Y,5
156500,1690,7200,1910,560,Y,9
59000,599,5400,1940,416,N,5
105000,1374,5400,1920,840,Y,6
106000,846,10800,1920,720,N,7
78500,725,10800,1890,630,Y,5
190000,2544,9671,1969,1248,Y,5
154000,1380,10143,1963,1380,Y,7
163000,1040,11500,1967,1040,Y,4
200000,2634,11643,1969,1248,Y,5
143500,951,8010,1958,951,Y,9
135000,1105,10454,1957,1105,Y,6
153000,1306,8712,1957,992,Y,7
157500,1478,17600,1960,1478,Y,5
113500,1142,9000,1958,160,Y,6
133000,1268,12144,1949,832,Y,7
92900,1040,8544,1950,0,N,4
128500,1133,8064,1950,795,N,5
90000,1040,7200,1949,0,N,5
138000,1904,7200,1950,1208,Y,4
128000,1041,7350,1958,1041,Y,6
139000,1339,7560,1958,1029,Y,6
118900,732,7200,1952,732,Y,7
138000,1183,8000,1959,528,Y,5
132500,1148,7931,1959,1148,Y,5
133500,1461,10800,1949,832,Y,7
135000,1495,8064,1948,864,Y,7
144750,1806,7570,1964,780,Y,5
145000,941,8604,1978,941,Y,7
127000,1045,7936,1963,1045,Y,6
109500,894,6600,1962,894,N,5
115000,1224,3950,1926,818,Y,8
110000,1230,10440,1910,440,Y,6
128900,1378,4080,1935,901,Y,8
103500,1944,10307,1910,972,N,5
66500,1131,5720,1941,676,Y,6
130000,1306,15660,1910,240,Y,8
129000,1464,9900,1910,504,Y,8
150000,1558,6406,1939,690,Y,6
107500,2372,6600,1892,994,N,4
94550,1701,7627,1920,600,N,6
124500,1960,7596,1952,960,Y,5
135000,1389,3378,1946,651,Y,8
103000,1447,10134,1910,801,N,5
93000,936,6000,1953,936,N,4
129500,1328,6000,1950,768,Y,7
93000,1387,6000,1954,811,Y,4
80000,861,7404,1920,861,Y,6
45000,612,5925,1940,0,N,4
37900,968,5925,1910,600,N,6
91300,886,5784,1938,190,Y,8
99500,792,8520,1923,624,Y,8
113000,1452,4456,1920,736,Y,5
87500,1510,9600,1910,677,Y,4
110000,1284,3500,1947,720,Y,7
106000,2138,8100,1898,849,N,5
265979,2640,11700,1880,1240,N,7
160000,2007,8400,1900,917,Y,7
119000,1288,3600,1917,624,Y,7
168000,1742,17671,1882,916,Y,9
58500,816,3300,1910,624,Y,3
143000,1482,9000,1920,650,Y,9
85000,1022,7200,1910,1022,N,4
124900,1869,8820,1890,1088,Y,6
119000,1480,5400,1920,972,Y,6
146500,1521,9720,1910,741,Y,7
34900,720,7879,1920,720,N,5
44000,797,9392,1900,245,N,3
223500,1576,21384,1923,1324,Y,6
149000,1432,6615,1923,1022,N,6
205000,1548,7264,1925,952,N,7
137000,1654,4960,1930,297,Y,7
121000,952,8854,1916,952,N,6
128000,1324,6000,1936,672,Y,6
134900,1176,6000,1937,698,Y,9
117000,1348,6000,1925,884,Y,8
132500,1412,6000,1939,780,Y,6
93000,1142,6000,1924,468,Y,5
119000,904,6000,1926,884,Y,7
100000,1301,6911,1924,1145,Y,5
141500,1539,6120,1936,927,Y,6
133000,1573,6120,1935,884,Y,7
60000,800,6120,1936,264,N,3
105000,875,6120,1931,715,Y,7
115000,995,6120,1925,960,Y,6
150000,1582,6120,1938,952,Y,6
126500,1072,8635,1925,1072,Y,5
214500,2134,11888,1916,844,N,6
167500,2019,11414,1910,728,N,8
155000,1768,8094,1915,1048,Y,6
155000,1826,2500,1915,910,Y,8
179900,1944,9928,1915,672,Y,8
104000,2229,5520,1912,755,Y,6
62500,2128,3000,1922,1040,N,1
149000,1930,6876,1927,720,Y,5
103000,1208,6240,1925,780,Y,5
123000,1427,5775,1915,483,Y,7
97500,1864,5852,1902,1020,N,5
135000,1666,5160,1927,1204,Y,6
70000,892,5160,1923,858,Y,6
116000,1403,10320,1915,698,Y,7
88750,704,4280,1946,560,Y,9
179000,1200,10800,1987,1200,Y,5
179000,1200,10800,1987,1200,Y,5
159900,1152,10547,1978,1152,Y,5
61000,904,10020,1922,683,N,1
103600,1369,6629,1925,672,N,6
63000,1112,9780,1934,585,N,3
175000,1464,12886,1963,520,Y,6
139000,1121,8816,1963,1121,Y,6
172500,1683,11184,1978,918,Y,5
113500,1052,11625,1967,1052,Y,6
130000,899,7800,1967,864,Y,7
149900,1034,8014,1978,456,Y,5
134900,858,7252,1982,858,Y,5
137000,860,8740,1982,840,Y,6
139000,1092,11616,1962,1092,Y,5
165000,1774,15400,1961,552,Y,5
148000,1138,15312,1960,1138,Y,5
165000,2071,15584,1956,825,Y,5
63900,660,9000,1947,0,N,2
161500,1788,11250,1957,1104,Y,5
143000,1473,25095,1968,1437,Y,8
135000,1229,17140,1956,1134,Y,6
82500,861,12342,1940,861,Y,5
190000,1867,10708,1955,1617,Y,5
139600,1733,13680,1955,0,Y,5
122000,1383,15635,1954,0,Y,5
127500,1689,9855,1956,1436,Y,5
121500,1073,9571,1956,1073,Y,5
60000,1276,9571,1958,1276,Y,3
154400,1639,9350,1946,747,Y,7
113000,672,9340,1941,672,Y,6
125000,1089,7440,1954,1089,Y,6
84000,845,11500,1957,0,N,3
139500,1049,4235,1984,1049,Y,5
131000,1716,11409,1949,768,Y,4
105000,1258,9060,1939,560,Y,5
108000,1510,9084,1940,755,Y,5
162000,1061,10778,1990,1054,Y,6
156500,1338,19255,1983,520,Y,5
316600,2132,12327,1983,1496,Y,8
271900,2196,14684,1990,2158,Y,7
213000,1775,9317,1993,740,Y,5
239900,1879,10560,1993,1079,Y,5
239500,2020,9828,1995,1128,Y,5
131000,2016,26400,1880,0,Y,7
118964,1535,7018,1979,0,Y,5
153337,1224,7018,1979,1086,Y,5
147983,2228,7018,1979,0,Y,5
118858,1535,7018,1979,0,Y,5
118858,1535,7018,1979,0,Y,5
142953,2240,7018,1979,0,Y,5
148325,1229,7040,1979,1094,Y,5
113722,1513,7007,1979,0,Y,5
269500,2787,11855,2000,1168,Y,5
269500,2787,7939,2000,1168,Y,5
269500,2787,7976,2000,1168,Y,5
323262,1680,10933,2009,1555,Y,5
297000,1718,10637,2007,1705,Y,5
295493,1630,10226,2008,1622,Y,5
332000,1720,10816,2008,1720,Y,5
239900,1468,9178,2008,1468,Y,5
212000,1768,10769,2007,866,Y,5
272500,1838,11422,2007,1838,Y,5
239000,1800,11923,2007,1800,Y,5
220000,1604,8814,2006,1604,Y,5
200000,1290,6762,2007,1282,Y,5
221800,1254,10324,2008,1254,Y,5
194500,1232,7314,2007,1232,Y,5
237000,1498,11645,2005,1498,Y,5
173000,1422,11646,2005,704,Y,5
275000,1644,12800,1989,1518,Y,5
233500,1759,16698,1992,1449,Y,5
185000,2126,28698,1967,1013,Y,5
152000,1040,12464,1996,1040,Y,5
143000,990,9757,1994,990,Y,7
231500,1764,15426,1997,928,Y,5
212000,1661,10667,1996,799,Y,6
207000,1463,14753,1998,1463,Y,5
145000,1097,10859,1994,1097,Y,5
138000,990,8072,1994,990,Y,5
197900,1779,10400,1998,866,Y,5
204000,1501,10335,1999,1490,Y,5
192000,1431,9017,1999,1431,Y,5
200000,1772,8750,1998,928,Y,5
195000,1660,8935,2002,831,Y,5
227000,1573,9808,2002,1573,Y,5
230000,1840,12420,2001,944,Y,5
187100,1430,16285,2001,1413,Y,5
203000,1444,10739,2002,1431,Y,5
201000,1492,11166,2001,1492,Y,5
124000,1040,8430,1978,1040,Y,5
140000,907,16269,1978,907,Y,5
134900,914,6950,1979,914,Y,7
150500,1040,8800,1977,1040,Y,7
136500,864,7000,1978,864,Y,8
143500,1268,9286,1977,1268,Y,7
133500,864,15523,1972,864,Y,6
123000,894,7200,1972,894,Y,5
133900,768,7200,1972,768,Y,8
133000,768,8445,1972,768,Y,7
250000,1611,11664,2002,1569,Y,5
254750,2184,12334,2003,1068,Y,5
236500,1788,11838,2001,1753,Y,5
261500,1872,11885,2001,1299,Y,5
313000,2153,11050,2000,1440,Y,5
198500,1725,8749,2002,840,Y,5
211000,1870,11250,2001,944,Y,5
220000,1513,15750,1999,1462,Y,5
203000,1504,11883,1996,1504,Y,5
279500,1828,12782,2002,1822,Y,5
210000,1417,8750,1997,1417,Y,5
219500,2034,9375,1997,1057,Y,5
191000,1716,8750,1996,880,Y,5
178000,1212,9100,2001,1212,Y,5
213000,1630,9750,2000,1630,Y,5
144000,848,4435,2003,848,Y,5
140000,848,4435,2003,848,Y,5
293200,1602,10200,2007,1578,Y,5
190000,1728,9313,2004,864,Y,5
190000,1500,8487,2004,1500,Y,5
173500,1476,8633,2005,738,Y,5
170000,1396,11069,2007,608,Y,5
108000,1126,8777,1949,0,Y,5
167000,1486,9937,1964,1486,Y,7
100000,816,8877,1938,816,Y,6
198500,1922,7301,2003,0,Y,5
159500,1426,7950,1977,690,Y,6
127000,1149,10682,1960,1014,Y,6
125000,1125,7200,1976,1041,Y,6
320000,1698,13286,2007,1698,Y,5
145500,1072,3675,2005,547,Y,5
118000,698,9405,1947,698,Y,9
85000,876,6410,1959,876,Y,5
120000,1368,11767,1950,1078,Y,5
98000,1529,8405,1945,0,N,3
99900,864,4060,1922,864,Y,8
82000,944,10206,1952,0,N,3
119900,1678,10926,1959,1678,Y,5
103500,1560,11767,1956,1150,Y,5
112000,960,8926,1956,672,Y,3
110000,1196,12354,1920,684,Y,8
122000,1298,8212,1941,720,Y,6
117000,1604,10998,1941,984,Y,5
160000,1268,6300,1938,832,Y,4
159434,1520,4500,1932,793,Y,5
60000,438,8400,1920,290,N,5
139500,1489,9900,1940,778,Y,7
197000,3082,15863,1920,824,Y,3
105000,1242,5707,1935,583,Y,6
135000,1981,7804,1928,1122,Y,3
147500,1232,8574,1916,816,Y,8
137450,1608,6171,1925,976,Y,6
155000,1135,7200,1936,560,Y,9
177000,1913,7558,1928,896,Y,6
145000,1477,6292,1928,861,Y,7
137000,1228,7155,1918,600,Y,8
234000,2080,10918,1926,1276,Y,9
205000,1567,13680,1940,840,Y,6
177500,1494,7500,1942,771,Y,7
160000,1308,9600,1940,728,Y,7
155000,1273,14680,1960,1273,Y,4
163500,964,13360,1921,876,Y,7
154900,1343,7681,1921,731,Y,6
205000,2480,8145,1940,920,Y,6
144800,1112,9100,1954,1112,Y,6
174500,1564,12000,1941,704,Y,7
193000,1561,13339,1960,1561,Y,6
158000,1523,15600,1949,1067,N,7
158500,1152,14000,1950,1092,Y,8
224000,1906,17500,1954,1310,Y,5
115000,1032,1733,1980,516,Y,6
137000,1229,1488,1980,561,Y,6
121000,1229,1612,1980,561,Y,6
124000,1229,1300,1980,561,Y,6
208000,1982,13607,1986,572,Y,6
315000,2365,17597,1971,1803,Y,9
222000,1680,21695,1988,880,Y,9
147000,1344,10690,1920,672,Y,7
123000,2168,8660,1900,760,N,6
78000,1192,6402,1920,596,N,5
85000,1526,8470,1915,1013,N,2
75000,572,10200,1925,572,N,6
230000,1648,3843,2007,1596,Y,5
57625,810,21780,1910,0,N,4
251000,2052,10125,2000,1107,Y,5
239686,2149,12822,2003,1434,Y,5
240000,1710,12118,2004,1710,Y,5
215000,1961,12209,2001,804,Y,5
156450,926,9750,1977,902,Y,6
173000,1287,9360,1977,957,Y,7
126000,1734,10125,1977,0,Y,5
173000,1217,9947,1990,1188,Y,5
152000,1595,11070,1991,1582,Y,5
137500,1344,14375,1958,819,Y,6
375000,2036,215245,1965,2136,Y,5
315500,1620,12898,2007,1620,Y,5
224500,1692,13159,2009,846,Y,5
410000,2036,13438,2008,2190,Y,5
316500,1641,14463,2008,1641,Y,5
201000,1466,8925,2007,1466,Y,5
175000,1412,11457,1988,1392,Y,5
204000,2237,9839,1980,712,Y,8
213500,1479,14419,1987,1645,Y,5
220000,1296,6853,2001,1267,Y,5
170000,2014,9157,2003,912,Y,5
315000,1838,14601,2006,1838,Y,5
425000,1978,12633,2007,1978,Y,5
139500,1008,12518,1968,1008,Y,7
115000,1771,21750,1960,0,Y,4
162000,1204,4500,1998,1204,Y,5
165000,1224,4500,1999,1224,Y,5
91000,988,1596,1973,462,Y,5
130000,874,9858,1968,864,Y,6
86000,630,1526,1970,630,Y,8
160000,1404,13383,1969,1188,Y,5
80000,630,1477,1970,630,Y,4
97000,1344,1533,1970,546,Y,6
88000,1092,2217,1970,546,Y,4
131900,796,7689,1972,796,Y,8
131250,1091,7706,1993,384,Y,5
165500,1110,9101,1978,1097,Y,6
112000,833,8780,1985,833,Y,5
149000,883,7669,1992,828,Y,6
143000,1362,14115,1993,796,Y,5
130000,1287,10429,1992,624,Y,5
196000,1567,9819,1977,1567,Y,5
173000,1632,10457,1969,784,Y,7
176500,1414,11029,1958,1184,Y,8
237500,2117,12925,1970,1205,Y,7
206900,2112,11075,1969,952,Y,5
187500,1604,8702,1997,926,Y,5
165000,1470,8139,1995,680,Y,5
195500,1604,9535,1998,926,Y,5
192000,1638,9042,1998,943,Y,5
173000,1636,15038,1996,916,Y,5
177900,1384,14137,1996,1348,Y,5
175000,1446,21872,1996,729,Y,5
286000,1593,4923,2001,1593,Y,5
247900,1682,6264,1997,1664,Y,5
180000,1337,5395,1993,1337,Y,5
180000,1280,5070,1992,1280,Y,5
181000,1604,10839,1997,926,Y,5
183000,1633,11184,1998,932,Y,5
188000,1658,8000,1995,773,Y,5
194500,1895,10832,1994,712,Y,5
185000,1709,14067,1991,836,Y,5
189000,1228,4671,1988,1228,Y,5
188500,1337,5950,1989,1337,Y,5
355000,2500,13543,2005,1168,Y,5
325000,2504,11198,2005,1122,Y,5
387000,1884,15401,2004,1884,Y,5
115000,1474,31220,1952,1632,Y,2
334000,1710,8118,2007,1710,Y,5
133000,1488,47280,1950,1488,Y,5
215000,2093,20544,1986,791,Y,6
226500,1688,12680,1988,1675,Y,6
175500,1422,12090,1981,1422,Y,6
181900,1260,10825,1983,1260,Y,7
235000,2064,18559,1978,2048,Y,5
220000,1782,14450,1979,1782,Y,5
272000,2872,12227,1977,1330,Y,7
161000,1211,13068,1976,1211,Y,5
175000,1126,15611,1977,1126,Y,6
185000,2044,10400,1980,738,Y,6
146900,1308,9743,1969,720,Y,6
292500,2840,12511,1978,1420,Y,7
180000,1523,11361,1976,1193,Y,5
159900,1444,10400,1976,1444,Y,5
205000,1964,10480,1976,803,Y,6
157000,1178,10000,1973,1176,Y,6
306000,2340,14311,1996,1236,Y,5
133000,1792,9000,1974,896,Y,5
151000,1054,9750,1969,1054,Y,8
111900,936,10295,1969,936,Y,6
123000,864,7560,1971,864,Y,5
111250,864,12735,1972,864,Y,5
181000,1337,4060,1998,1405,Y,5
103400,987,1680,1973,483,Y,5
100000,987,1680,1973,483,Y,5
100500,987,1890,1972,483,Y,6
106000,987,1869,1970,483,Y,6
85400,987,1680,1971,483,Y,5
89500,987,1680,1971,483,Y,3
111750,1302,1680,1972,630,Y,5
140000,1069,4043,1977,1069,Y,6
143000,1456,2308,1975,855,Y,6
148500,1055,2529,1977,1055,Y,6
110000,892,9477,1966,864,Y,5
394617,1932,12444,2008,1932,Y,5
426000,2332,12474,2007,1682,Y,5
385000,2084,14803,2007,2078,Y,5
446261,2713,14948,2008,1452,Y,5
317500,1582,12704,2007,1582,Y,5
372402,1710,13891,2007,1710,Y,5
417500,2464,13693,2007,2418,Y,5
383000,1950,14418,2007,1950,Y,5
390000,2748,13418,2006,1850,Y,5
460000,2790,12539,2005,1620,Y,5
379000,2331,12151,2005,1414,Y,5
250000,2088,8899,2007,948,Y,5
316000,2332,10574,2004,1148,Y,5
615000,2470,12720,2003,2535,Y,5
412500,2668,13688,2003,1572,Y,5
284000,2046,10625,2003,998,Y,5
284000,1575,10845,2003,1603,Y,5
421250,2649,16900,2001,1479,Y,5
370000,2690,16451,2003,1765,Y,5
336860,1866,10110,2008,1858,Y,5
367294,1702,8769,2008,1702,Y,5
192000,1367,12304,2005,1367,Y,5
274000,1518,12677,2003,1518,Y,5
266000,1684,8849,2005,1684,Y,5
370967,1800,8232,2007,1800,Y,5
234250,1342,6240,2006,1342,Y,5
219500,1342,6240,2006,1342,Y,5
155000,1626,2448,2003,764,Y,5
154000,1626,2448,2003,764,Y,5
207000,1358,8198,2004,1358,Y,5
195000,1455,3940,2003,1415,Y,5
219990,1576,3940,2004,1393,Y,5
191000,1504,3182,2005,1346,Y,5
159895,1266,3182,2007,1266,Y,5
187687,1246,3710,2007,1146,Y,5
179000,1515,9024,2004,789,Y,5
193000,1593,7415,2004,839,Y,5
190000,1166,9587,2005,856,Y,5
176000,1456,8029,2005,728,Y,5
188000,1720,8010,2002,840,Y,5
213000,1986,8396,2003,847,Y,5
217300,1358,7301,2007,1350,Y,6
186500,1792,10261,2000,936,Y,5
226750,1892,8220,2000,982,Y,5
184000,1490,15384,2004,788,Y,5
176000,1414,7750,2002,707,Y,5
225000,2322,12460,1999,1037,Y,5
185900,1651,8390,1999,831,Y,5
284500,2199,9660,1997,1173,Y,5
315000,2630,9200,1998,1470,Y,5
250000,2198,14260,2000,1145,Y,5
291000,2172,11000,2000,1519,Y,5
350000,2006,11675,1998,1982,Y,5
279500,2125,10990,1996,1064,Y,5
290000,2501,11929,1995,1242,Y,7
350000,2113,10437,1995,2109,Y,6
341000,2418,10542,1993,1311,Y,5
287500,2197,10010,1993,1080,Y,5
271000,2127,10944,1994,1223,Y,5
301500,1987,14303,1994,1986,Y,5
235128,1580,11932,2007,1580,Y,5
214000,1933,14598,2007,894,Y,5
232000,1574,11957,2006,1574,Y,5
240000,1578,13253,2006,1578,Y,5
264132,1506,14587,2008,1498,Y,5
245000,1563,10206,2007,1563,Y,5
227680,1428,12274,2008,1417,Y,5
257000,1861,9801,2007,1341,Y,5
297900,1874,9428,2007,955,Y,5
247000,1460,10037,2006,1460,Y,5
212700,1372,8640,2007,1363,Y,5
250580,1372,8640,2007,1372,Y,5
182000,1428,11639,2007,1428,Y,5
226700,1768,9803,2005,866,Y,5
250000,1992,9375,2003,1053,Y,5
250000,1958,10625,2005,1026,Y,5
339750,2078,10800,2007,1034,Y,5
205950,1665,8125,2007,813,Y,6
256000,1660,10625,2007,1660,Y,5
230348,1218,7500,2007,1218,Y,5
207500,1728,8791,2003,864,Y,5
141000,1080,7500,2004,1080,Y,5
188000,1696,10110,2003,835,Y,5
192500,1663,12774,2003,835,Y,5
146000,1175,13072,2005,1175,Y,5
159000,1114,13695,2004,1114,Y,5
155000,1114,13695,2003,1114,Y,5
173000,1640,8366,2004,798,Y,5
170000,1162,9260,2007,1162,Y,5
182000,1609,8453,1995,754,Y,5
163000,1680,8480,1993,886,Y,5
193500,1679,8125,1994,1408,Y,5
189000,1657,14565,1994,832,Y,5
190500,1677,8450,2001,827,Y,5
175000,1737,8285,1992,836,Y,5
179200,1294,7153,1991,1278,Y,5
187000,1710,9291,1993,832,Y,5
193000,1617,8012,1993,1604,Y,5
153900,1199,7892,1993,1199,Y,5
128000,984,9100,1963,984,Y,5
144000,912,12968,1962,912,Y,6
135000,864,8100,1961,864,Y,8
115000,890,8450,1968,890,N,5
119916,864,6360,1963,864,Y,5
142000,912,6768,1961,912,Y,8
192000,1430,19508,1974,1430,Y,5
140000,1641,10759,1972,1001,Y,4
290000,2683,9205,1990,930,Y,5
372500,2786,11025,1993,1848,Y,5
196000,1391,4282,2004,1391,Y,5
171900,1250,4017,2006,625,Y,5
178000,1245,3435,2004,1235,Y,5
165000,1200,3180,2005,600,Y,5
146000,1392,3180,2007,689,Y,5
146000,1392,3604,2007,689,Y,5
179400,1501,2280,1999,744,Y,5
172900,1549,2280,1999,744,Y,5
300000,1638,4765,2000,1614,Y,5
285000,1310,4538,2001,1310,Y,5
290000,1419,4385,2001,1419,Y,5
305000,1557,4109,1999,1557,Y,5
328900,1709,5119,1999,1698,Y,5
160000,1252,2160,1999,600,Y,5
170000,1404,2160,1999,672,Y,5
223000,1789,10646,2001,858,Y,5
170000,1586,2645,1999,960,Y,5
200000,1607,2645,1999,960,Y,5
345000,2393,3951,1998,970,Y,5
245500,1288,14963,1996,1260,Y,5
217500,1239,11064,1995,1230,Y,5
324000,1719,10846,1993,1719,Y,5
162500,1232,11120,1984,1232,Y,6
150000,2944,24572,1977,994,Y,3
290000,1671,16280,1976,1426,Y,9
205000,1812,7500,2002,952,Y,5
174000,1682,10400,1970,1304,Y,6
183000,1427,11104,1969,1427,Y,6
150000,1740,11050,1968,1740,Y,5
145000,1258,11040,1971,1258,Y,7
215000,1620,15387,1967,1620,Y,7
140500,1625,9750,1965,1625,Y,6
240000,2614,10800,1974,1522,Y,7
141000,1464,8814,1968,732,Y,6
147000,912,8872,1965,912,Y,8
135000,925,8125,1965,912,Y,7
145000,1728,11072,1965,1728,Y,5
142600,1728,13101,1965,1728,Y,5
135000,1656,9246,1973,1656,Y,5
170000,1670,13355,1971,825,Y,6
299800,2715,8963,1976,1142,Y,9
185000,1876,9120,1974,901,Y,6
173000,1632,9130,1966,800,Y,8
178400,999,12122,1961,944,Y,9
176000,1978,9900,1968,832,Y,5
98000,1014,7785,1956,0,Y,5
109008,907,8593,1957,907,Y,6
135750,952,8475,1956,952,Y,7
155000,1128,8700,1963,1120,Y,6
180500,1425,10175,1964,1425,Y,5
174900,1165,9020,1966,1127,Y,7
140000,1136,9200,1965,1136,Y,6
145000,1092,8250,1964,1092,Y,7
179900,1265,9350,1965,1219,Y,8
168500,1350,9020,1964,1248,Y,5
140000,1114,9900,1961,1114,Y,5
145500,1053,10007,1959,1053,Y,7
142000,1252,10721,1959,1252,Y,6
141000,1100,12493,1960,1100,Y,5
153000,1118,11332,1960,1118,Y,7
72500,720,6627,1949,0,N,6
52000,729,4130,1935,270,Y,6
118000,1077,7420,1939,991,Y,6
87000,906,4882,1937,348,Y,7
141500,1496,9600,1960,1296,Y,6
119000,1252,9600,1950,1032,Y,5
141500,1337,9600,1950,572,Y,8
165500,1661,9600,1955,992,Y,6
112900,1036,7584,1953,1036,Y,5
201800,1820,13700,1965,864,Y,6
163000,1362,10197,1961,1362,Y,5
139950,1144,7875,1961,1144,Y,6
174000,1537,8400,1962,1319,Y,9
165000,1431,9150,1962,1099,Y,5
227000,1988,14670,1966,1104,Y,7
135000,1098,7390,1955,1098,Y,7
124000,1144,9204,1963,1144,Y,5
140000,1283,7763,1962,931,Y,7
136500,1176,8856,1957,1176,Y,4
185000,1440,9840,1959,1248,Y,7
163000,1261,9120,1958,1261,Y,6
166800,1570,13200,1958,1395,Y,6
139000,1196,9000,1956,1196,Y,5
166000,1392,11900,1957,1392,Y,5
136000,1080,9464,1958,1080,Y,7
133000,1104,10425,1956,1104,Y,5
116000,882,11556,1952,720,Y,6
137500,1152,9373,1953,1152,Y,6
130000,950,12774,1953,984,N,5
180000,1790,14250,1957,998,Y,5
139000,952,7350,1951,952,Y,7
110000,773,7677,1953,773,Y,5
100000,1764,8838,1957,0,Y,3
118500,1216,8480,1947,832,Y,5
146000,1824,12436,1957,1824,Y,5
89900,869,10122,1948,0,N,6
114000,1159,7506,1925,747,Y,8
140000,1558,10930,1945,913,Y,6
86900,672,5400,1940,672,Y,7
139000,1436,10836,1922,892,Y,5
106250,1294,10800,1900,0,N,7
171000,1716,9247,1962,858,Y,6
139000,1044,10180,1968,912,Y,6
186000,1312,11355,1958,1312,Y,7
157000,1253,10920,1960,1253,Y,5
148000,1081,12929,1960,1081,Y,6
242000,2069,27650,1960,585,Y,7
116000,910,8892,1953,105,Y,7
94000,876,7200,1951,876,Y,7
98300,1048,7200,1950,0,Y,5
127000,1507,7910,1960,1075,Y,5
159000,1256,8000,1959,1256,Y,6
125900,1027,8000,1962,1027,Y,5
155000,1269,7931,1960,1269,Y,6
138000,1320,8064,1948,768,Y,6
112500,984,6390,1954,936,Y,7
105500,832,7227,1954,832,Y,6
127500,1278,7200,1954,854,Y,5
130000,1800,8513,1961,1800,N,5
150000,1588,7200,1955,768,Y,6
109500,825,7200,1954,825,Y,7
140000,1796,7056,1963,780,Y,5
167900,1611,9760,1964,780,Y,6
136870,1117,7590,1963,1117,Y,5
143000,1133,9836,2008,192,N,5
73000,764,5232,1925,680,N,5
157500,1539,10440,1904,650,Y,8
122600,1323,9184,1948,780,Y,7
111000,1360,4800,1910,680,N,5
256000,2792,10440,1920,1510,Y,7
64000,672,4800,1940,672,Y,4
139500,1456,6000,1915,728,Y,7
118000,1594,11426,1910,828,Y,6
200000,2082,11426,2003,1362,Y,5
119164,1656,7628,1940,801,Y,6
122250,1740,7308,1920,936,N,5
120000,1027,5400,1920,931,Y,6
155000,1436,10800,1940,884,Y,6
78000,899,6756,1910,481,N,6
95000,1080,5914,1890,684,Y,9
115000,789,6000,1948,789,Y,5
147000,1122,12000,1948,924,Y,7
140000,1499,9000,1946,904,Y,6
46500,407,7311,1946,407,N,5
112500,928,6000,1957,928,Y,6
107900,901,6000,1954,901,Y,7
65000,1588,12205,1949,448,Y,1
295000,3493,18386,1880,1470,Y,9
139500,1627,9142,1900,797,N,5
153900,1416,12665,1915,876,Y,8
132000,1450,5350,1920,624,Y,8
98000,1344,4571,1916,624,N,5
114000,1017,9143,1900,346,Y,7
130000,2350,9600,1920,973,Y,5
129500,2058,9600,1917,735,N,5
129400,1540,6000,1905,572,Y,9
161000,1378,9600,1928,689,Y,9
163000,1912,10800,1905,482,N,7
128000,1484,6300,1914,742,Y,6
122000,2358,5250,1872,684,N,5
116900,1111,5700,1926,572,Y,7
325000,2775,13500,1893,1237,Y,9
55000,1086,11340,1920,723,N,1
184000,2495,10800,1890,1313,Y,7
110000,984,9750,1959,984,Y,6
131500,1795,12150,1954,1050,N,5
97000,882,12702,1956,0,Y,5
115500,1093,8516,1958,869,Y,6
138000,1143,7111,1928,1008,Y,7
108000,1668,7425,1945,672,Y,7
79500,935,9100,1930,742,Y,6
153000,1738,7010,1935,1024,Y,5
109500,784,6130,1924,784,Y,6
124000,1210,5000,1941,672,Y,7
106900,1290,5870,1900,554,Y,9
164900,1672,6000,1940,981,Y,7
119000,949,6000,1924,949,Y,7
120000,1158,6000,1929,862,Y,7
157000,1497,6000,1937,825,Y,7
105000,1342,6000,1939,739,Y,5
113000,1013,5000,1926,992,Y,7
115000,1216,5520,1920,565,Y,7
123000,1136,6240,1929,704,Y,7
81300,808,6120,1945,0,N,6
162900,1573,6240,1930,1078,Y,7
150000,2009,6240,1939,989,Y,5
123500,1902,6120,1923,1100,Y,5
129900,1774,6120,1931,952,Y,5
128000,1362,6155,1920,611,Y,8
68500,520,6324,1927,520,N,6
127000,1285,8635,1948,672,Y,5
207000,1848,13053,1923,833,Y,7
184000,1820,9120,1925,1026,Y,6
162500,1716,9144,1915,810,Y,4
145000,1505,9144,1940,883,Y,5
130000,838,10267,1918,816,Y,7
160000,1984,8094,1910,1242,Y,8
161000,1666,5100,1925,588,Y,7
127500,1609,4347,1910,796,Y,8
93850,768,6291,1930,768,Y,6
136000,1536,10266,1952,768,Y,6
141000,1969,6876,1938,1272,Y,6
120000,1308,10320,1915,880,Y,6
127500,1040,7200,1925,1040,Y,7
127000,1236,7006,1925,768,Y,6
89500,1406,7920,1920,319,Y,7
125000,825,8235,1955,825,Y,7
79900,1198,5586,1920,901,Y,7
85000,759,10320,1912,451,Y,8
82375,1344,10320,1915,536,N,3
135000,1469,10320,1906,756,Y,7
124000,1054,9488,1947,1046,N,6
134000,1211,8250,1968,952,Y,5
135000,1271,21286,1948,720,Y,5
134432,1588,17120,1959,0,Y,4
127500,1355,10106,1940,644,Y,7
148000,1075,11235,1963,981,Y,6
129500,1040,11200,1965,1040,Y,5
157500,1096,13014,1978,1008,Y,5
109900,904,7162,1966,876,Y,7
145000,992,10265,1967,992,Y,7
130000,894,9764,1967,894,Y,7
153000,1034,7703,1978,450,Y,8
120000,1073,9981,1967,1073,Y,5
152000,1126,7400,1984,1060,Y,5
108959,1258,12900,1969,1198,Y,4
95541,1140,12900,1920,1300,Y,4
80000,1006,9000,1959,1006,Y,3
149350,1228,8544,1966,1228,Y,6
144900,960,9239,1963,960,Y,8
185000,1188,14175,1956,988,Y,8
165000,1383,13284,1954,1383,Y,5
235000,1252,13500,1960,1602,Y,7
140000,1601,13825,1958,533,Y,6
108000,672,10200,1940,672,Y,8
145000,1721,10532,1960,988,Y,3
152400,1350,8375,1941,576,Y,7
144000,904,10200,1970,864,Y,8
173000,1291,2887,1996,1291,Y,5
192000,2022,10005,1977,1160,Y,5
245000,1524,20270,1979,1524,Y,6
241500,1363,39104,1954,1385,Y,7
256000,1663,53227,1954,1364,Y,6
177000,1357,11512,1959,1019,Y,7
125600,1079,5190,1948,570,Y,5
155000,1094,10452,1953,1094,Y,5
240000,2358,45600,1908,907,Y,8
260000,1518,19550,1940,1580,Y,7
185000,1674,21780,1918,1163,Y,7
235000,2108,13728,1935,1127,Y,7
159900,1509,9571,1956,1509,Y,6
99600,864,9350,1975,864,N,5
134500,1269,9360,1962,621,Y,8
119000,1367,8405,1900,861,Y,8
107500,1347,7000,1910,1117,Y,7
125000,1164,10880,1950,1164,N,5
79000,1096,9600,1924,572,N,5
95000,1111,9084,1941,616,N,6
262280,2329,11839,1990,1475,Y,5
260000,2814,9771,1995,1077,Y,5
226500,1626,9938,1994,1602,Y,5
225000,2200,14171,1993,812,Y,5
229000,2037,10541,1996,672,Y,5
177439,1356,10616,2007,628,Y,5
248500,1615,9345,2007,1615,Y,5
475000,2276,11778,2008,2271,Y,5
395039,1766,11778,2008,1751,Y,5
228000,2097,11228,1993,1080,Y,5
225000,1511,11454,1995,1401,Y,5
195000,1643,11500,1966,1182,Y,6
200000,1688,12798,1997,616,Y,5
155000,990,9750,1994,990,Y,7
144000,1099,9525,1995,1099,Y,6
145000,990,9245,1994,990,Y,5
226001,1418,8696,1997,1418,Y,5
215700,1771,13142,1997,864,Y,5
207500,1652,8998,2000,782,Y,5
193000,1790,9179,1999,873,Y,5
188000,1724,8924,1998,880,Y,5
191000,1479,9382,1999,1468,Y,5
221000,1494,12803,2002,1494,Y,5
231500,1792,12435,2001,963,Y,5
235000,1823,12192,2000,928,Y,5
223500,1786,11250,2001,920,Y,5
130250,938,9200,1975,938,Y,6
149900,985,8385,1977,985,Y,8
158000,1174,12250,1978,864,Y,6
147000,1026,10970,1978,940,Y,6
143195,1076,9216,1975,1076,Y,6
163000,1558,14330,1975,864,Y,6
110000,924,7990,1975,924,Y,6
127000,864,7180,1972,864,Y,7
124900,780,7200,1972,780,Y,7
230000,1795,9742,2002,1777,Y,5
237000,2031,9473,2002,1128,Y,5
235000,1865,10316,2000,992,Y,5
230500,2161,10400,2001,1257,Y,5
230000,1852,9066,1999,1004,Y,5
222500,2031,11404,1998,1153,Y,5
287000,2263,9240,2001,1055,Y,5
274000,1947,9720,2001,1357,Y,5
300000,1786,14860,2002,1778,Y,5
255900,2290,11250,2002,1128,Y,5
224900,1768,8158,2003,884,Y,5
240000,2327,10905,2003,1129,Y,5
183000,1640,7226,2003,798,Y,5
207000,1764,11690,1999,850,Y,5
210000,1908,8750,1994,915,Y,5
136500,848,4435,2003,848,Y,5
145000,848,4426,2004,848,Y,5
208900,1493,13125,1997,1478,Y,5
185000,1838,10126,1997,1838,Y,5
214000,1536,9135,2002,1536,Y,5
208500,1710,8450,2003,856,Y,5
186500,1445,9750,2004,1445,Y,5
210000,1436,8450,2004,1436,Y,5
185900,1582,8320,2004,770,Y,5
179900,1234,11049,2007,1234,Y,5
218836,1564,11058,2007,1564,Y,6
193000,1361,9627,2007,1351,Y,5
189000,1456,8199,2005,728,Y,5
149300,848,4426,2004,848,Y,5
141000,848,4426,2004,848,Y,5
149000,848,4438,2004,848,Y,5
144500,848,4438,2004,848,Y,5
85000,796,8777,1910,796,Y,7
145900,2200,8777,1900,1272,Y,7
123000,1092,9825,1966,1092,Y,5
147500,1256,9937,1965,1256,Y,6
165000,1033,12102,1976,456,Y,5
135000,1127,6500,1976,1127,Y,6
108000,996,13907,1940,996,Y,6
137500,1181,10012,1972,1138,Y,5
165400,1656,6931,2003,746,Y,5
147000,1117,9638,1977,1029,Y,6
160500,1398,7200,1976,684,Y,7
176000,1132,7024,2005,1132,Y,5
284700,3820,47007,1959,0,Y,7
160000,5642,63887,2008,6110,Y,5
148000,1072,3675,2005,547,Y,5
82000,1152,6040,1955,0,N,5
82000,1152,6012,1955,0,N,5
118000,1440,12108,1955,1440,N,4
82500,1152,6845,1955,0,N,5
91900,784,6931,1955,784,N,5
120000,1053,12180,1938,585,Y,7
96000,1137,8050,1947,0,Y,8
99000,930,9520,1953,911,Y,5
130500,1200,11767,1946,768,Y,6
135000,1470,8172,1954,941,Y,6
135500,1393,16466,1955,816,Y,7
100000,1204,7692,1954,416,Y,6
108000,1292,5142,1923,949,Y,7
98000,864,5604,1925,864,N,6
67000,864,8248,1914,864,N,3
135900,1716,5687,1912,780,N,6
140000,1482,12155,1925,672,N,8
179500,2192,8400,1939,720,Y,8
136500,1694,8400,1925,1181,Y,5
168000,1424,7290,1921,1228,Y,8
130000,1964,8525,1911,940,N,6
189000,2601,9842,1921,612,Y,6
161900,1920,7804,1930,960,Y,7
145000,1316,8969,1926,644,Y,6
191000,2555,11526,1922,588,Y,7
177000,1680,15576,1915,840,Y,7
147500,1264,15564,1914,676,Y,6
91000,790,6292,1930,768,N,5
231000,1512,7609,1925,798,Y,9
115000,1639,10480,1936,1064,Y,5
138000,1603,9650,1923,784,Y,3
149000,1502,7200,1931,776,Y,6
188700,1660,11988,1934,715,Y,7
198000,1938,11700,1937,942,Y,6
110000,1374,9260,1938,884,Y,4
104000,1091,7801,1951,1091,N,5
257076,1873,9670,1935,608,Y,6
381000,3447,14100,1935,728,Y,9
311500,1954,15660,1939,798,Y,9
263400,2161,12392,1950,832,Y,9
236500,1898,26073,1956,1898,Y,5
224000,1640,14778,1954,1296,Y,7
116500,1032,1879,1980,516,Y,6
151000,1556,1950,1980,716,Y,6
126000,919,7000,1926,894,Y,8
120000,1090,6000,1940,720,Y,8
55000,796,3636,1922,796,N,4
120500,816,5890,1930,816,Y,8
120500,778,6900,1940,740,Y,6
119000,1200,8155,1930,780,Y,7
126000,1656,6000,1967,624,Y,5
99500,912,7392,1930,520,Y,7
165500,1955,9000,1958,1151,Y,5
13100,733,14584,1952,0,N,5
89000,1361,5280,1895,173,N,7
40000,1317,8500,1920,649,N,4
80900,1049,5150,1910,356,N,7
81000,894,18000,1935,894,Y,4
65000,864,9000,1920,592,Y,6
392500,1652,5587,2008,1600,Y,5
294464,1648,3843,2007,1596,Y,5
250000,1646,3811,2004,1594,Y,5
275000,1646,3842,2004,1594,Y,5
300000,2032,23730,1996,1840,Y,5
271000,1689,13265,2002,1568,Y,5
213000,1820,11050,1996,910,Y,5
171000,1118,9880,1977,1096,Y,6
171500,1279,10125,1977,1196,Y,6
100000,1872,10260,1976,0,Y,4
228500,1689,9990,1991,1680,Y,5
228950,1786,164660,1965,1499,Y,6
241500,1501,4084,1986,1277,Y,6
287000,2898,15498,1976,1565,Y,6
294000,1537,11563,2006,1518,Y,5
293077,1646,9520,2007,1638,Y,5
264966,1780,12852,2007,920,Y,5
172500,1442,9802,2006,352,Y,5
167500,1394,9735,2006,384,Y,5
218689,1612,12018,2008,796,Y,5
150000,1495,12890,1989,1495,Y,5
184000,1651,12416,1986,1606,Y,5
180000,1256,18265,1986,1256,Y,5
175000,1509,10200,1988,1461,Y,5
232500,1440,11202,2003,1432,Y,5
195000,1675,7915,1999,1666,Y,5
305000,2262,12244,2003,1482,Y,5
298751,1728,11449,2007,1884,Y,5
370000,1964,11447,2005,1964,Y,5
209200,1344,8940,1997,1344,Y,5
206300,1344,7060,1997,1344,Y,5
146000,1092,9278,2007,1092,Y,5
160500,1189,4500,1997,1189,Y,5
173000,1200,14137,1964,1200,Y,5
124000,1040,4224,1975,1040,Y,6
115000,1304,2665,1976,264,Y,6
129500,1475,2665,1976,550,Y,7
105000,988,1974,1973,526,Y,7
94900,988,1596,1973,462,Y,6
152500,1160,17979,1968,1113,Y,6
98000,1092,1477,1970,546,Y,9
81000,630,1890,1972,630,Y,7
113000,988,21750,1954,988,Y,5
128500,816,6490,1983,816,Y,7
119500,923,6951,1984,876,Y,5
130500,816,6600,1982,816,Y,9
138000,816,6600,1982,816,Y,8
134500,845,6600,1982,845,Y,6
160000,1750,12508,1940,983,Y,7
137500,889,12395,1984,864,Y,6
172000,1968,11075,1969,784,Y,4
103000,1836,56600,1900,686,Y,1
167300,1587,10667,1971,1587,Y,6
167000,1277,10628,1970,1277,Y,5
244000,2223,13651,1973,2223,Y,6
268000,2217,15865,1970,2217,Y,6
225000,1733,12394,2003,847,Y,5
168000,1572,10364,1995,806,Y,5
177000,1470,13869,1997,794,Y,6
169000,1600,8773,1997,916,Y,5
161500,1384,8872,1997,384,Y,5
251000,1652,5330,2000,1494,Y,5
160000,1694,10147,1994,392,Y,5
180000,1714,8637,1999,923,Y,5
178750,1553,7875,1996,691,Y,5
176000,1253,7875,1995,1237,Y,5
204000,2299,7500,1999,938,Y,5
160000,1187,9556,1992,1168,Y,5
160000,1472,10784,1991,384,Y,5
163900,1482,9125,1992,384,Y,5
168000,1642,7655,1993,903,Y,5
154204,1128,18160,1964,1302,Y,6
170000,1088,3696,1986,1074,Y,5
207500,2090,5062,1984,1190,Y,5
182000,1179,4740,1988,1166,Y,5
212000,1321,5118,1990,1312,Y,5
377426,1922,14157,2005,1922,Y,5
349265,2541,12328,2005,1149,Y,5
591587,2338,51974,2006,2660,Y,5
155000,1424,41600,1969,1100,Y,5
319900,1612,8035,2006,1612,Y,5
392000,1419,8089,2007,1419,Y,6
441929,2234,14082,2006,2220,Y,5
455000,2042,13870,2006,1742,Y,5
182900,1440,12546,1981,1440,Y,7
174000,1284,10960,1984,1284,Y,5
178000,1868,12090,1984,585,Y,7
176000,1479,12090,1981,725,Y,7
213000,1664,12299,1978,1529,Y,6
192000,1930,11339,1979,780,Y,5
190000,1969,11952,1977,808,Y,6
195000,2030,12046,1976,848,Y,6
148000,1032,10395,1978,1032,Y,6
151500,1177,11850,1984,1153,Y,6
197000,1725,11584,1979,539,Y,6
192350,1353,10400,1979,1259,Y,5
152000,1620,10793,1969,780,Y,5
170000,1220,13001,1971,1625,Y,5
175000,1484,12243,1971,1484,Y,6
175000,1743,11700,1968,702,Y,6
197900,1935,12384,1976,793,Y,7
174000,1324,8991,1976,1228,Y,6
178900,1877,8000,1974,1084,Y,6
139000,1109,10500,1971,372,Y,7
143250,981,10530,1971,981,Y,5
184000,1479,7472,1972,725,Y,9
155000,1422,9457,1970,925,Y,6
133000,914,7920,1970,914,Y,5
119500,950,9758,1971,950,Y,5
123000,872,8294,1971,858,Y,5
110000,858,7340,1971,858,Y,6
128000,914,17199,1961,914,Y,7
120500,864,9000,1971,864,Y,6
133000,767,4058,1998,723,Y,5
155000,1337,4113,2001,1337,Y,5
177000,1337,10943,1997,1405,Y,5
113500,1092,2205,1973,525,Y,6
113000,1218,1890,1973,672,Y,5
113700,1218,2058,1973,672,Y,5
106000,1302,2016,1970,630,Y,5
122500,1365,1920,1971,765,Y,5
128000,958,4928,1976,1078,Y,5
155000,1548,2308,1976,804,Y,6
142500,1055,2304,1978,1061,Y,7
129250,988,7150,1966,988,Y,6
356000,1816,12469,2006,1790,Y,5
314813,1828,11694,2007,1822,Y,5
318000,1694,12030,2007,1694,Y,5
322400,1694,11825,2006,1694,Y,5
318000,1734,12085,2007,1734,Y,5
345474,2122,14333,2007,2108,Y,5
415298,2121,14450,2006,2121,Y,5
492000,2656,13641,2007,1934,Y,5
338931,2550,13440,2006,1108,Y,5
450000,2046,15431,2005,1994,Y,5
280000,2172,14154,2006,1063,Y,5
479069,2552,13891,2007,2552,Y,5
395000,1973,14226,2006,1935,Y,5
380000,2643,13693,2006,2153,Y,5
250000,1634,11428,2006,1626,Y,5
440000,1976,14977,2006,1976,Y,5
418000,2758,13654,2005,1704,Y,5
500067,2290,17169,2007,2320,Y,5
260116,2152,16659,2007,1582,Y,5
317000,2473,9591,2004,1143,Y,5
319500,2100,9709,2007,918,Y,5
325624,2161,10562,2007,1582,Y,5
372000,1802,13615,2006,1802,Y,5
342000,2956,13069,2004,1706,Y,5
354000,2468,12099,2004,1136,Y,5
350000,2385,14277,2003,1317,Y,5
285000,2374,11999,2003,1181,Y,5
281500,1818,12568,2007,895,Y,5
245700,1614,9926,2005,1614,Y,5
232698,1721,9254,2005,1721,Y,5
250000,1828,10732,2006,1298,Y,5
194700,1362,7577,2005,1362,Y,5
204000,1302,3901,2005,1302,Y,5
200000,1302,3903,2005,1302,Y,5
207000,1362,6289,2005,1362,Y,5
209500,1554,4590,2006,1554,Y,5
209500,1554,4590,2006,1554,Y,5
202500,1370,6442,2006,1370,Y,5
280000,1577,7841,2005,1577,Y,5
277500,1561,7313,2005,1561,Y,5
318061,1869,7820,2007,1869,Y,5
221370,1324,6240,2006,1324,Y,5
200000,1405,3242,2003,1405,Y,5
181755,1496,15810,2007,768,Y,5
176000,1536,10237,2005,768,Y,5
178900,1484,10237,2005,783,Y,5
168165,1458,13204,2006,608,Y,5
171925,1495,8857,2006,738,Y,5
198444,1746,9729,2006,698,Y,5
203000,1326,12216,2005,1326,Y,5
179540,1456,9018,2007,728,Y,5
176485,1302,8993,2007,1302,Y,5
181134,1340,8899,2007,1340,Y,5
156932,1412,8499,2006,616,Y,5
166000,1504,8229,2007,752,Y,5
177594,1456,7713,2007,728,Y,5
173500,1258,7697,2007,1246,Y,6
172500,1258,3922,2006,1258,Y,5
194201,1402,3922,2006,1258,Y,5
226500,1589,3621,2003,1406,Y,5
185485,1266,3710,2007,1266,Y,5
259000,1530,14572,2004,1530,Y,5
188500,1119,16219,2004,835,Y,5
175000,1374,11084,2004,384,Y,5
215000,1959,11796,2004,847,Y,5
206580,1525,10936,2006,1510,Y,5
183500,1720,8244,2004,840,Y,5
165500,1394,11950,2003,384,Y,5
211000,1948,7875,2003,847,Y,5
181000,1690,8063,2000,924,Y,5
219500,1995,8740,2002,854,Y,5
175000,1647,7917,1999,953,Y,5
170000,1430,9967,2000,384,Y,5
162000,1320,7750,2003,660,Y,5
187000,1690,9487,2000,915,Y,5
185000,1644,9649,1999,941,Y,5
745000,4476,15623,1996,2396,Y,5
384500,2551,12191,1997,1779,Y,5
248000,2285,11000,2000,969,Y,5
466500,2633,11400,2001,2633,Y,5
410000,3078,10557,1998,1408,Y,5
322500,2582,11002,1998,1389,Y,5
252000,2385,10790,1998,1066,Y,5
755000,4316,21535,1994,2444,Y,6
269790,2013,9920,1996,1117,Y,5
315750,2398,11787,1996,1379,Y,5
290000,2520,9950,1995,1203,Y,5
290000,2531,12257,1995,1318,Y,5
430000,3228,12692,1992,3200,Y,5
263000,2202,11762,1992,1105,Y,5
330000,2538,9044,1996,1325,Y,5
213133,1369,9910,2007,1369,Y,6
260261,1542,11830,2007,1542,Y,5
320000,1905,11670,2006,1905,Y,5
282922,1464,15256,2007,1485,Y,5
215000,1534,10612,2006,1524,Y,5
419005,1966,12291,2007,1966,Y,5
255000,1636,13501,2006,1623,Y,5
147000,1795,9986,2006,1795,Y,5
235876,1528,9965,2007,1528,Y,5
311872,1726,9416,2007,1726,Y,5
248328,1689,9849,2007,1689,Y,6
227000,1588,10000,2006,1588,Y,5
260000,1538,8847,2005,1538,Y,5
225000,1496,9158,2007,1496,Y,5
249000,1506,8251,2005,1494,Y,5
307000,1694,10084,2004,1686,Y,5
250000,1977,9605,2006,982,Y,5
221300,1830,8778,2006,1302,Y,5
208900,1338,8640,2007,1338,Y,5
210400,1335,9000,2006,1335,Y,5
255000,1792,8640,2007,896,Y,5
212109,1588,10411,2007,725,Y,5
270000,1959,9000,2006,1088,Y,5
303477,2610,9000,2007,1184,Y,5
310013,1880,12217,2007,955,Y,5
249700,1656,11096,2006,1656,Y,5
227875,1761,10207,2007,874,Y,6
261329,1584,10440,2007,1574,Y,5
253000,1685,11824,2006,1685,Y,5
265000,2443,10625,2004,1158,Y,5
340000,2466,11143,2004,1580,Y,5
146000,1100,7500,2006,1100,Y,5
147000,1143,7500,2006,1143,Y,5
149000,1094,12450,2003,1094,Y,5
181000,1486,7441,2006,1461,Y,5
201000,1721,8462,1994,928,Y,5
191750,1820,11613,1993,864,Y,5
179000,1349,8450,2000,1349,Y,5
215000,1494,16196,1998,1482,Y,5
179200,1575,8012,1992,1575,Y,5
128000,1266,8012,1980,630,Y,5
144000,884,9180,1983,840,Y,7
144000,2020,8400,1977,0,Y,5
120750,894,6285,1977,894,Y,5
132500,970,8480,1963,970,Y,6
132000,1057,7420,1962,1057,Y,5
132500,999,7758,1962,999,Y,7
129000,1120,6970,1961,1040,Y,5
143900,1696,13673,1962,1140,Y,5
145000,1040,7476,1968,1040,Y,7
128500,988,9945,1961,988,Y,5
125500,902,6173,1967,876,Y,6
300000,2503,19522,1990,1223,Y,5
294000,2167,17542,1974,1192,Y,7
129000,1037,10751,1974,1037,Y,5
171000,1701,16647,1975,1390,Y,5
147000,1055,12712,1973,1044,Y,7
302000,2810,9572,1990,1453,Y,5
285000,2872,10678,1992,1683,Y,5
214000,1378,4379,2004,1378,Y,5
166000,1151,3523,2006,1141,Y,5
193800,1565,3784,2006,1511,Y,5
208900,1352,4230,2006,1352,Y,5
194000,1352,3606,2006,1352,Y,5
207500,1550,5330,2006,1550,Y,5
199900,1241,4274,2006,1241,Y,5
164700,1250,4251,2006,625,Y,5
176500,1501,2280,1999,744,Y,5
176000,1458,3230,1999,729,Y,5
168500,1512,2117,2000,756,Y,5
177000,1573,2117,2000,756,Y,5
177000,1525,2117,2000,756,Y,5
148800,1102,5105,2004,551,Y,5
174000,1441,2645,1999,776,Y,5
239000,1950,7399,1997,975,Y,5
204000,1358,7321,1999,1339,Y,5
301000,2048,8010,2003,1054,Y,5
312500,2362,8413,1998,1220,Y,5
279700,1494,9466,1994,1494,Y,5
255000,2362,12000,1980,2002,Y,6
194000,1432,16157,1978,1360,Y,7
218000,1437,10768,1976,1437,Y,8
213750,1295,3840,1978,1057,Y,6
187000,1855,9600,1976,528,Y,7
181500,1262,9600,1976,1262,Y,8
373000,2497,17778,1981,2461,Y,5
190000,2620,18890,1977,1361,Y,5
226000,1929,7050,2001,1057,Y,5
143450,1152,11700,1968,912,Y,6
240050,2411,8000,1970,1008,Y,6
162500,1082,8723,1969,973,Y,6
164000,1295,11700,1968,1295,Y,5
185000,1610,11358,1972,1124,Y,7
188500,1594,9547,1993,1594,Y,6
255000,2075,10530,1993,1148,Y,6
136905,1680,11500,1976,1680,Y,6
158500,1093,10738,1966,1093,Y,7
175500,1242,9600,1973,1242,Y,6
127000,1052,10800,1963,1052,Y,5
127000,1107,8050,1967,949,Y,6
143000,1214,10355,1967,1214,Y,5
156000,1073,10289,1965,1073,Y,7
144000,1344,9503,1958,1024,Y,5
119000,1728,10624,1964,1728,Y,4
103000,1224,10899,1964,0,N,5
139900,1422,12342,1960,978,Y,5
151500,958,12772,1960,958,Y,8
126500,1065,8892,1960,1065,Y,5
145000,1138,10482,1958,588,Y,8
120000,912,7535,1958,912,Y,7
124000,1074,7450,1956,894,Y,5
106500,882,8339,1959,0,Y,7
140500,1187,14357,1961,864,Y,5
137500,964,8243,1961,964,Y,7
117600,894,8680,1960,894,Y,7
163500,1200,8800,1966,1174,Y,6
161000,1042,9200,1965,1042,Y,5
158000,1302,9350,1964,1302,Y,7
224500,2154,8800,1964,845,Y,7
147000,1374,11382,1964,1130,Y,5
200000,1652,22002,1959,1592,Y,7
181900,1429,14585,1960,1144,Y,6
150750,1327,7388,1959,1063,Y,6
101800,1224,9842,1962,0,Y,5
124000,932,8280,1950,932,Y,5
138500,908,12172,1940,822,Y,7
39300,334,5000,1946,0,N,3
64500,666,5000,1946,666,N,3
64000,670,3500,1945,370,N,5
112000,808,5175,1958,808,Y,8
165000,1977,9500,1964,816,Y,6
144000,1150,9600,1955,1078,Y,6
137000,1920,11345,1948,928,Y,5
105000,1376,9492,1941,768,Y,5
146500,1644,9480,1942,728,Y,7
126000,1560,8668,1968,1560,Y,5
175000,1280,10050,1966,793,Y,6
158500,1254,9600,1961,1218,Y,5
114500,912,10150,1958,912,Y,5
144000,1524,11344,1958,874,Y,5
129000,2380,18450,1965,1021,Y,5
141000,936,8760,1957,936,Y,7
131000,1008,6860,1956,1008,Y,6
142100,1053,8250,1963,1053,Y,7
139000,1056,8176,1958,1056,Y,6
157900,1442,9750,1958,1442,Y,6
139400,1056,9250,1954,1056,Y,7
150000,1244,11988,1957,1244,Y,6
120000,1144,9100,1960,1144,Y,5
174850,1721,9736,1957,1331,Y,6
116000,922,9770,1957,922,Y,5
135000,1048,10152,1956,1048,Y,5
163500,1657,12155,1970,1657,Y,3
130000,1411,12198,1955,1204,Y,6
129500,1216,10050,1955,1216,Y,5
142000,1154,11556,1953,864,Y,9
128600,1560,8078,1958,1560,Y,5
125000,948,10950,1952,948,Y,6
136000,1040,7942,1953,1040,Y,7
134500,1008,8923,1953,1008,Y,7
127000,925,8540,1956,925,Y,8
130000,1360,7134,1955,384,Y,5
115000,1540,7150,1955,1190,Y,4
116900,925,8400,1955,923,Y,5
132000,928,13300,1956,928,Y,7
153000,1647,9532,1953,1105,Y,6
112500,924,15783,1952,924,Y,5
138000,1544,14190,1890,925,Y,7
135000,893,9600,1949,845,Y,7
156000,1728,12099,1953,1216,Y,6
301600,3086,21281,1935,666,Y,4
109000,1034,10134,1940,735,Y,6
103200,882,5500,1956,882,Y,6
128500,1281,10284,1925,1151,Y,7
64500,968,10800,1927,656,Y,6
148000,1534,10800,1895,736,Y,9
86000,691,5400,1920,691,Y,6
172000,1651,10090,1963,725,Y,5
120000,888,8700,1961,920,Y,7
128500,952,8300,1968,952,Y,6
135000,2080,11606,1969,1040,Y,5
122900,924,8064,1949,672,Y,7
119200,1082,11664,1948,1082,Y,5
143000,1846,10496,1949,1040,Y,6
119000,988,7200,1950,876,Y,7
102000,1238,7200,1950,864,Y,3
129000,864,7200,1950,864,Y,8
135000,1134,7000,1960,1010,Y,7
152000,1040,7500,1959,1040,Y,7
140000,1170,7315,1958,1170,Y,6
152000,1242,7903,1960,1242,Y,5
156500,1377,8000,1960,1377,Y,5
141000,1800,8000,1961,1800,N,4
99000,925,7000,1961,0,Y,6
187000,1851,9760,1964,822,Y,8
169500,1812,7590,1962,864,Y,5
125500,864,6600,1962,864,Y,5
130000,936,6760,1962,896,Y,5
103000,960,6978,1926,850,Y,7
132000,1432,9600,1910,264,Y,7
127500,1296,6000,1927,845,Y,6
89500,1022,4480,1922,1022,N,5
140000,936,7200,1980,936,Y,5
99900,967,3153,1920,967,Y,6
100000,1047,10800,1885,641,Y,7
130000,1072,7200,1940,808,Y,8
135000,1174,9000,1900,680,Y,8
120000,1183,6000,1948,649,Y,7
89471,1131,5925,1937,907,Y,7
85000,1141,5925,1900,570,N,6
108500,960,6000,1920,960,Y,4
137000,1798,9639,1900,1075,Y,8
110500,866,3880,1945,686,Y,9
100000,968,8520,1923,968,Y,6
184900,1772,10337,1910,725,N,9
145000,1642,9863,1927,728,Y,6
125000,1472,9600,1925,702,Y,8
114000,1232,4571,1910,616,Y,7
90000,2337,13600,1900,662,N,5
144100,1650,8398,1910,926,Y,8
117500,2210,9900,1880,1008,Y,4
124500,1358,3600,1930,687,Y,7
185000,2454,13500,1879,819,Y,8
133900,2291,7200,1910,1214,N,6
152000,1616,5400,1926,1149,Y,7
153500,1559,8100,1948,1559,Y,6
159500,2554,10800,1890,718,Y,8
87000,1248,9439,1930,912,Y,5
104500,968,8626,1956,0,Y,6
110000,1382,11800,1949,0,Y,7
136500,1060,6854,1925,756,N,7
128250,1435,8674,1950,910,Y,6
144000,1167,8731,1920,915,Y,5
210000,1635,8737,1923,1065,Y,7
135000,1274,6125,1939,728,Y,7
128000,1232,6000,1939,600,Y,6
131000,1218,6000,1941,735,Y,6
113000,884,6120,1939,884,Y,7
126000,1409,6240,1938,861,Y,5
132000,1322,6240,1939,672,Y,8
131750,1426,6240,1930,966,Y,7
132500,1281,6120,1926,756,Y,6
137500,1513,6120,1920,939,Y,8
132000,854,6120,1929,832,Y,8
127500,1367,6240,1931,884,Y,6
102000,986,6180,1926,960,N,5
200000,2264,7755,1918,1100,Y,8
180500,1824,13515,1919,764,Y,6
165000,1376,8850,1920,768,Y,7
90000,1316,8550,1926,750,Y,5
153575,1396,8730,1915,698,Y,7
140000,1344,5700,1929,672,N,6
136000,2526,8520,1916,714,N,7
113000,1173,5680,1901,592,N,4
117000,1214,5680,1901,969,N,3
169500,1818,7758,1931,1040,Y,4
139400,1108,7449,1930,637,Y,7
202500,2294,13200,1963,741,Y,6
127000,1355,6882,1914,684,Y,7
141000,1375,9000,1937,780,Y,6
212300,1952,9780,1950,976,Y,9
161000,2180,10320,1915,1138,Y,5
99500,1315,4330,1958,808,Y,6
101000,1111,7200,1920,530,N,7
109900,1196,4800,1916,1196,Y,7
128500,1382,12358,1941,720,Y,6
122000,1889,10120,1910,925,N,4
87000,840,4388,1930,672,Y,7
50000,1484,10320,1910,771,Y,1
219000,2267,12888,1937,1005,Y,8
200500,3086,18030,1946,1598,Y,6
126000,1134,8160,1940,756,N,6
108500,1282,4484,1942,672,N,6
130000,999,11235,1963,925,Y,5
158450,1452,11235,1964,1420,Y,5
115400,1005,14299,1964,1005,Y,3
118500,1029,7943,1961,1029,Y,5
165000,1020,14149,1964,980,Y,8
123000,1040,11677,1966,1040,Y,4
129000,913,8400,1966,814,Y,5
125000,894,7094,1966,894,Y,5
108000,948,8978,1968,948,Y,5
119900,868,8425,1971,768,Y,6
115000,897,8665,1968,876,Y,5
134500,943,8398,1967,943,Y,5
127000,955,7742,1966,955,Y,7
129000,894,8724,1968,894,Y,5
143500,1285,8197,1977,660,Y,5
129000,912,8169,1966,912,Y,7
187000,1375,14175,1956,1240,Y,5
158000,2654,16779,1920,671,Y,4
112000,1416,25339,1918,816,Y,7
165250,1302,6960,1940,680,Y,8
150000,1299,11375,1954,967,Y,5
137000,1176,13770,1958,1158,Y,6
89500,998,9000,1945,0,N,7
302000,1824,115149,1971,1643,Y,5
182000,1522,11075,1984,1190,Y,5
211000,2060,10029,1988,1151,Y,5
216000,1325,17541,1948,409,Y,7
130000,1630,22692,1953,1073,Y,5
109900,1242,17808,1946,484,N,5
255000,2422,12671,1954,1288,Y,7
243000,2158,12615,1950,1202,Y,7
154000,1626,10512,1954,988,Y,6
118000,864,5400,1958,864,Y,5
80000,943,11515,1958,0,N,5
150000,1440,7711,1977,1440,Y,3
86000,605,9098,1920,528,Y,7
130000,1038,3869,1984,1038,Y,6
125000,1342,9280,1951,1342,Y,6
136500,1480,11100,1951,1080,N,6
96000,1362,7550,1920,951,N,5
120000,1340,9060,1957,0,Y,6
228500,1822,23920,1984,1105,Y,5
179900,1442,10357,1990,910,Y,5
225000,2243,13474,1990,700,Y,5
301000,2730,10380,1986,1502,Y,5
238000,2127,13125,1991,1104,Y,5
228500,1982,11287,1989,807,Y,6
220000,1958,9317,1994,779,Y,5
383970,2696,9965,2007,1264,Y,5
424870,2828,9965,2006,1466,Y,5
250000,1651,9178,2007,1643,Y,5
360000,2140,10481,2006,2140,Y,5
279500,1494,10652,2006,1494,Y,5
200141,1316,11175,2007,1316,Y,5
246500,1651,10235,2007,1643,Y,5
276000,2574,9588,2007,1482,Y,5
203000,1274,8814,2005,1274,Y,5
155835,1456,11103,2006,728,Y,5
194000,1240,8556,2006,1240,Y,5
195400,1208,6762,2007,1208,Y,5
217000,1546,11750,2005,1546,Y,5
212999,1500,8760,2006,1489,Y,5
175900,1270,7242,2005,1270,Y,5
191000,1795,9316,2005,879,Y,5
176432,1314,9317,2006,1314,Y,5
277000,2062,14364,1988,1157,Y,5
207000,1873,8883,1988,929,Y,5
277000,2144,159000,1958,1444,Y,7
240000,1953,53107,1992,1580,Y,5
187500,2087,12205,1966,832,Y,8
279000,1743,20064,1976,966,Y,6
139500,1022,14217,1994,1022,Y,5
126000,990,8775,1994,990,Y,5
177500,1200,11249,1995,1200,Y,5
175000,1308,10021,1997,635,Y,6
211000,1796,9531,1998,794,Y,5
146000,990,8428,1994,990,Y,7
147900,1097,16561,1996,1097,Y,5
123600,990,8070,1994,990,Y,5
204750,1786,9337,1997,824,Y,5
235500,1873,10820,1999,988,Y,5
217000,1753,12352,1998,853,Y,5
190550,1690,9543,2001,845,Y,5
217500,1842,8826,2000,985,Y,5
226000,1479,10665,2003,1453,Y,5
180000,1668,11317,2003,840,Y,5
131000,894,11800,1974,864,Y,5
153500,1025,8660,1976,1015,Y,5
160000,1009,9720,1977,995,Y,7
134900,1040,8982,1977,1040,Y,5
130000,907,16300,1977,876,Y,4
120000,879,9675,1975,864,Y,6
112500,882,7700,1972,882,Y,5
122000,969,10356,1975,969,Y,6
127000,864,7200,1972,864,Y,5
117000,875,7200,1972,385,Y,8
305900,2000,10386,2004,2000,Y,5
228500,2169,9375,2002,1284,Y,5
270000,1673,11354,2000,1673,Y,5
192000,1459,8749,2002,1459,Y,5
213000,1932,8749,2003,979,Y,5
200000,1729,8158,2002,860,Y,5
267000,2452,16226,1998,1028,Y,5
228000,1592,11927,1994,1556,Y,5
275000,2439,12728,2001,1531,Y,5
211000,1992,15295,1996,860,Y,5
285000,1668,11248,2002,1626,Y,5
240000,2090,10000,1995,1220,Y,5
131500,848,4435,2003,848,Y,5
246900,1341,17227,1999,1341,Y,5
219500,1928,8200,2003,847,Y,5
185000,1337,8450,2003,1337,Y,5
179400,1476,8145,2007,738,Y,5
213500,1797,9245,2006,939,Y,5
179600,1422,8500,2004,1422,Y,5
173500,1190,8769,2005,1169,Y,5
167840,1330,8334,2006,1330,Y,5
168675,1491,8333,2006,738,Y,5
167000,1536,9045,2005,768,Y,5
140000,1214,9170,1965,1214,Y,7
118500,936,9825,1967,936,Y,5
110000,1088,8308,1963,1088,Y,6
94750,960,10921,1965,960,Y,5
122000,1351,16287,1925,901,Y,6
110000,1179,8240,1960,1179,Y,6
118500,816,11841,1990,816,Y,5
133500,1044,6285,1976,960,Y,6
148000,1113,7917,1976,1143,Y,7
141000,2233,9555,1979,0,Y,6
155000,1125,8536,2006,1125,Y,5
157000,1090,7024,2005,1090,Y,5
171500,1408,7023,2005,734,Y,5
183850,5095,39290,2008,5095,Y,5
184750,4676,40094,2007,3138,Y,5
140000,1072,3675,2005,547,Y,5
131750,960,6400,1959,960,Y,7
61500,1152,6882,1955,0,N,3
111000,948,10215,1954,864,Y,5
98500,1195,8741,1946,1195,N,6
79000,774,4270,1931,544,Y,6
108500,865,10042,1920,660,Y,8
110000,894,9450,1954,894,Y,5
112000,1346,11767,1910,560,N,7
125000,768,8172,1955,768,Y,5
79275,864,8172,1955,864,Y,5
119000,948,8190,1954,948,Y,6
200000,3395,10896,1914,1440,Y,7
150000,2592,10890,1923,1296,N,6
165000,1502,10592,1923,602,Y,7
96500,789,10594,1926,768,N,5
136500,1422,7223,1926,1290,Y,5
146500,1298,6821,1921,651,Y,7
175000,1768,7200,1937,731,Y,7
148500,1098,4000,1930,531,Y,8
141500,1436,6720,1921,585,N,7
189950,1426,7642,1918,912,Y,8
135000,1461,7155,1926,686,Y,8
164000,1646,7128,1941,918,Y,5
90350,694,4280,1913,440,N,6
139000,1250,5362,1910,661,Y,6
119750,954,6305,1938,920,Y,7
145000,1958,7136,1946,979,N,6
145000,2002,6270,1949,1001,N,6
238000,1718,7230,1927,851,Y,7
153500,1226,13108,1951,0,Y,5
239000,2624,22420,1918,1370,N,6
359100,3194,12168,1934,965,Y,6
188000,1755,7810,1930,930,Y,6
220000,1991,11275,1932,854,Y,7
140000,1355,6221,1941,728,Y,5
315000,2727,10570,1932,853,Y,8
259500,2320,7259,1945,1028,Y,8
257500,1839,14442,1957,1477,Y,7
219500,1740,13125,1940,800,Y,6
217000,2259,21000,1953,1809,Y,5
201000,1560,25485,1960,1560,Y,4
215000,1488,21579,1968,1488,Y,6
123900,1045,1782,1980,516,Y,6
170000,1680,17871,1995,1680,Y,5
200000,1020,3907,1988,1004,Y,5
198000,1696,20693,1971,1696,Y,5
200624,2515,32668,1957,2035,Y,3
315000,2726,18044,1986,279,Y,5
115000,1517,8500,1919,793,N,7
141000,1215,7000,1940,720,Y,7
87000,803,5000,1941,720,N,6
129850,1601,7288,1925,936,Y,7
100000,1123,6060,1939,732,Y,5
150909,1828,9060,1923,859,Y,6
75200,816,3672,1922,816,Y,7
118400,1012,8263,1920,1012,Y,5
67000,1077,8967,1920,961,Y,2
152000,1558,13710,1950,910,Y,5
68104,845,11067,1939,0,Y,4
119600,1991,8250,1895,957,N,6
140000,1073,6565,1957,1073,Y,6
124900,1001,6060,1930,837,Y,9
375000,1625,5568,2006,1573,Y,5
235000,1625,4750,2006,1573,Y,5
183500,1299,12150,1979,1001,Y,6
156000,912,7540,1978,888,Y,6
134000,1080,9187,1983,1084,Y,5
215000,1392,10000,2002,1441,Y,5
245000,1409,12864,2002,1409,Y,5
210000,1478,9928,1991,1454,Y,5
148000,918,8750,1975,852,Y,6
143000,1026,8410,1974,970,Y,6
244000,1501,4054,1987,1501,Y,6
330000,1502,9763,1998,1502,Y,5
170000,1328,16905,1959,1350,Y,6
257000,2279,19958,1958,585,Y,8
231713,1689,8368,2006,1689,Y,5
267300,1564,8298,2006,1546,Y,5
265900,1484,9037,2006,1476,Y,5
239000,1571,10991,2007,1571,Y,5
248900,1646,10656,2006,1638,Y,5
174000,1240,10331,1985,1265,Y,7
187500,1717,13758,1990,1156,Y,5
204000,1756,9303,1996,872,Y,5
180500,1312,6718,2001,1267,Y,5
187500,1146,9590,2003,868,Y,5
282000,1922,11305,2002,1922,Y,5
178000,1491,7777,1996,1491,Y,5
270000,1629,14536,2002,1616,Y,5
279900,2486,11800,2003,1122,Y,5
186700,1572,35133,1963,1572,Y,4
283463,1776,15306,2006,1732,Y,5
392000,1824,12633,2006,1824,Y,5
281213,2482,12665,2005,1094,Y,5
147000,1120,8402,2007,1120,Y,5
130000,2034,43500,1953,0,Y,5
140000,936,6710,1996,920,Y,5
132250,1040,25286,1963,1064,Y,5
143000,1632,25000,1967,1632,Y,4
168000,1622,32463,1961,1249,Y,4
129900,1060,4224,1976,1040,Y,7
134000,1142,4224,1976,1142,Y,5
85500,1092,1504,1972,546,Y,4
106500,992,1533,1970,530,Y,5
93900,1092,1495,1970,546,Y,6
75000,1092,2001,1970,546,Y,5
84500,630,1936,1970,630,Y,6
75190,1092,1890,1976,546,Y,3
146800,1062,11333,1976,1029,Y,5
153500,1008,9129,1977,923,Y,5
188000,1356,15957,1977,1244,Y,6
196000,1676,33983,1977,1160,Y,6
157000,1432,8286,1977,716,Y,7
138000,796,6723,1971,796,Y,7
129500,768,7244,1970,768,Y,7
80000,1608,27697,1961,1396,N,3
129500,845,7599,1982,845,Y,6
135000,1178,11000,1976,1090,Y,6
124500,816,8314,1982,816,Y,7
139000,816,11625,1983,816,Y,7
93500,974,10712,1991,974,Y,5
124500,887,10447,1984,864,Y,6
149900,1293,11027,1954,1178,Y,5
157500,1024,10533,1956,1008,Y,6
169000,1797,11765,1957,1617,Y,5
252000,1390,39384,1957,1705,Y,6
192100,1851,11727,1969,1851,Y,6
183500,1525,8238,1997,813,Y,5
222000,2236,13006,1997,964,Y,5
170000,1671,13041,1995,781,Y,5
187500,1498,13031,1995,691,Y,5
202000,1776,9783,1996,821,Y,5
185000,1511,11207,1997,802,Y,5
320000,2462,19378,2005,1392,Y,5
240000,1670,14859,2006,1670,Y,5
250000,2064,13128,2005,1074,Y,5
239900,1801,10463,2005,893,Y,5
309000,2212,13751,2005,1700,Y,5
274725,2021,23257,2006,868,Y,5
270000,2687,13108,1994,2062,Y,5
183500,1169,8076,1993,1160,Y,6
165600,1501,7685,1993,697,Y,5
176500,1632,9084,1998,935,Y,5
130000,1204,3701,1987,1191,Y,5
239000,1767,5306,1987,1064,Y,7
275000,1742,6563,1985,1742,Y,5
457347,2798,16023,2005,1398,Y,5
545224,3390,18062,2006,1528,Y,5
356383,2473,12292,2006,1094,Y,5
556581,2868,16056,2005,1992,Y,5
361919,2576,12438,2006,1234,Y,5
535000,2698,16052,2006,1850,Y,5
401179,2795,15922,2005,1390,Y,5
438780,2945,13682,2006,1410,Y,5
169000,2320,14762,1948,0,Y,6
145000,1056,34650,1955,1056,N,5
318000,1714,8147,2005,1714,Y,5
319000,1826,11302,2005,1814,Y,5
470000,2000,18261,2005,1910,Y,5
202500,1621,14145,1984,1208,Y,7
229000,2183,13837,1988,1204,Y,5
235000,2263,16659,1977,795,Y,7
190000,1574,18800,1976,796,Y,5
169000,1102,10464,1980,988,Y,6
241500,1872,10400,1988,1845,Y,5
188900,1857,10530,1978,945,Y,5
207500,1686,10240,1980,1686,Y,6
250000,2784,16692,1978,1392,Y,5
179900,1552,11475,1975,713,Y,6
172000,1083,9927,1976,1047,Y,5
294323,2318,9512,2005,960,Y,5
184500,1875,10530,1975,675,Y,6
153500,1074,10140,1975,1056,Y,6
162900,1664,10140,1976,832,Y,5
181000,1309,10140,1974,1040,Y,6
155000,1103,10000,1974,1103,Y,6
138800,1096,15870,1969,1096,Y,5
116050,864,9353,1970,864,Y,5
88000,858,8125,1971,858,Y,4
97500,874,7200,1971,864,Y,4
190000,1419,8773,2002,1487,Y,5
105500,1092,2760,1973,525,Y,5
125500,1365,2160,1973,765,Y,6
83000,987,1953,1973,483,Y,5
116000,1030,1890,1972,494,Y,7
91500,1218,1680,1971,672,Y,5
118000,1218,1680,1972,672,Y,7
89000,948,1680,1972,483,Y,5
108000,1092,1680,1972,525,Y,5
94500,987,1680,1972,483,Y,5
146300,1069,4043,1975,1069,Y,5
145000,1387,7514,1967,943,Y,7
123000,900,7838,1967,864,Y,5
137500,1055,2280,1976,1055,Y,7
144000,1456,2179,1976,855,Y,5
315000,1980,16737,2004,1980,Y,5
412083,2589,16387,2006,1738,Y,5
342643,2596,16259,2006,1249,Y,5
252000,1618,16163,2004,1618,Y,5
465000,2076,13891,2006,2076,Y,5
293000,1740,12228,2006,1721,Y,5
415000,1868,14780,2005,1868,Y,5
326000,1850,16033,2004,1833,Y,5
325300,2376,14215,2005,1158,Y,5
309000,2452,13418,2004,1117,Y,5
300000,2206,13975,2005,1090,Y,5
275500,2098,10240,2005,1030,Y,5
338500,2091,9942,2005,1606,Y,5
345000,2324,11924,2005,1175,Y,5
344133,2253,12867,2005,1209,Y,5
298236,2389,10672,2006,1054,Y,5
329900,2358,11643,2005,1524,Y,5
360000,1944,12378,2003,1896,Y,5
281000,1970,11065,2006,1085,Y,5
372397,1792,13758,2005,1792,Y,5
378000,1780,14828,2004,1780,Y,5
374000,1792,11846,2003,1792,Y,5
437154,2728,20431,2005,1848,Y,5
275000,1904,10927,2005,1058,Y,5
279000,1914,13215,2004,1420,Y,5
185850,1364,7052,2005,1364,Y,5
282500,1565,5911,2005,1560,Y,5
202500,1368,6955,2005,1368,Y,5
202665,1368,6792,2005,1368,Y,5
332200,1686,7740,2006,1686,Y,5
310090,1666,6373,2006,1666,Y,5
171750,1405,3136,2003,1405,Y,5
169990,1316,10237,2005,1316,Y,5
170440,1456,10237,2005,728,Y,5
169985,1492,10237,2006,738,Y,5
179665,1496,17104,2006,654,Y,5
219210,1863,14054,2006,879,Y,5
174190,1326,11660,2006,1326,Y,5
172785,1456,15578,2006,728,Y,5
258000,2373,11631,2004,1052,Y,5
185101,1492,9073,2006,738,Y,5
210250,1364,3087,2006,1220,Y,5
234000,1557,3196,2003,1374,Y,5
215000,1456,3196,2003,1273,Y,5
246990,1511,2938,2002,1368,Y,5
178740,1414,3072,2004,1375,Y,5
225000,1548,3072,2004,1365,Y,5
167240,1248,3010,2005,1248,Y,5
156820,1142,3010,2005,1142,Y,5
213490,1506,3013,2005,1362,Y,5
264561,1567,3982,2006,1520,Y,5
246578,1500,4045,2006,1356,Y,5
192140,1838,21930,2005,732,Y,5
183200,1509,7861,2002,783,Y,5
178000,1414,9056,2004,707,Y,5
201490,1598,9171,2004,848,Y,5
230500,1936,11194,2000,1406,Y,5
180000,1509,7875,2003,783,Y,5
172400,1664,8121,2000,953,Y,5
215000,1889,8658,2000,982,Y,5
199900,1886,11214,1998,930,Y,5
173000,1671,10852,2000,959,Y,5
287602,2322,12104,2006,1035,Y,5
230000,2291,8738,1999,975,Y,5
348000,2392,9452,1997,1396,Y,5
286000,1976,9660,1998,1044,Y,5
300000,2234,9545,2000,1160,Y,5
625000,3627,35760,1995,1930,Y,5
405000,2855,9233,2000,1540,Y,5
280000,1924,12011,1998,1086,Y,5
258000,2263,12090,1998,1141,Y,5
350000,2726,10019,1995,1342,Y,5
584500,3500,17242,1993,1733,Y,5
321000,2494,10236,1994,1290,Y,5
290000,2526,10120,1994,1165,Y,5
315000,2799,12585,1993,1286,Y,5
252000,1964,12447,2005,1100,Y,5
336820,1670,15218,2006,1670,Y,5
423000,2097,20896,2005,2077,Y,5
290000,1660,10182,2006,1660,Y,5
232000,1616,8688,2005,1616,Y,5
199000,1504,10936,2006,1504,Y,5
198600,1278,8640,2006,1278,Y,5
405749,2640,13162,2006,2036,Y,5
232600,1489,11216,2006,1489,Y,5
266000,1939,10728,2006,1095,Y,5
186500,1553,8125,2005,756,Y,5
200825,1716,8125,2005,858,Y,5
197000,1576,8125,2006,770,Y,5
185000,1262,7200,2006,1262,Y,5
176000,1266,7500,2005,1257,Y,5
187750,1301,7200,2006,1293,Y,5
139500,1142,7733,2005,1142,Y,5
186800,1400,11024,2005,1400,Y,5
132000,1131,13072,2005,1131,Y,5
142500,1141,13072,2005,1141,Y,5
158000,1158,13072,2004,1158,Y,5
184000,1686,7800,2005,891,Y,5
184900,1585,7632,2005,784,Y,5
187000,1837,8304,1997,941,Y,5
175900,1603,7153,1992,761,Y,5
248500,1731,9370,1992,836,Y,5
172000,1398,7175,1990,1398,Y,5
151000,1217,7175,1991,1217,Y,5
150000,1320,9019,1994,636,Y,5
107000,1056,8900,1966,1056,Y,4
119900,965,7800,1965,828,Y,5
129500,988,9100,1962,988,Y,4
125000,1728,9100,1963,1728,Y,5
119500,1654,8927,1977,0,Y,6
144000,1211,9240,1962,864,Y,6
151000,1212,8471,1977,506,Y,7
126000,984,9308,1965,984,Y,5
116000,909,8450,1968,882,Y,6
133500,925,8638,1963,925,Y,6
120875,1024,13052,1965,1024,Y,6
137000,935,13526,1965,935,Y,6
124000,912,8020,1964,912,N,6
135000,1236,6993,1961,912,Y,7
129200,941,8789,1967,912,Y,6
260000,2646,14330,1974,1748,Y,4
260000,2417,16059,1991,1288,Y,5
334000,2826,11025,1992,1334,Y,5
310000,2520,14541,1993,1338,Y,7
268000,2295,13346,1992,1095,Y,5
262000,1624,12461,1994,1624,Y,5
176400,1143,3628,2004,1143,Y,5
197000,1247,3316,2005,1247,Y,5
151000,1200,3180,2005,600,Y,5
147400,1223,2544,2005,600,Y,5
149900,1223,2544,2005,600,Y,5
144152,1200,3180,2005,600,Y,5
166000,1524,2998,2000,756,Y,5
183900,1452,3735,1999,691,Y,5
165000,1382,2651,2000,673,Y,5
139000,1080,4447,2003,530,Y,5
200000,1694,8314,1997,569,Y,5
221000,1568,7180,2001,1568,Y,5
270000,1494,9549,1995,1494,Y,5
165000,1208,11250,1977,1208,Y,6
214000,1235,3760,1980,1235,Y,5
188000,1036,3640,1980,1036,Y,5
190000,1226,3874,1980,1226,Y,5
170000,1226,3876,1978,1226,Y,5
385000,1842,50271,1981,1842,Y,5
146500,1193,13110,1972,1153,Y,6
170000,1920,10192,1968,570,Y,6
262500,2156,20781,1968,1568,Y,7
179900,1416,11700,1968,708,Y,6
250000,2654,11029,1968,1054,Y,7
165150,1790,10400,1972,732,Y,5
164500,1334,10140,1967,1334,Y,6
140000,1164,9600,1969,1164,Y,5
135500,980,9750,1967,980,Y,5
142000,1051,9600,1968,1051,Y,5
155000,1770,8640,1968,900,Y,5
157500,976,9360,1968,976,Y,7
138500,1052,8400,1968,1052,Y,5
140000,898,8400,1968,833,Y,6
124400,1051,9759,1966,1051,Y,5
158000,1141,9600,1967,1141,Y,7
146000,1200,9230,1965,864,Y,8
190000,1993,14803,1971,825,Y,5
136500,1050,10659,1961,1050,Y,6
129900,864,9100,1958,864,Y,5
145000,1712,8393,1959,1626,Y,5
185900,1565,8800,1965,1187,Y,7
160000,1251,8800,1964,1251,Y,6
167000,1488,10368,1964,1008,Y,6
157500,1440,9350,1964,720,Y,6
140000,1095,10382,1958,588,Y,5
150000,1053,8973,1958,1008,Y,7
151500,1248,10800,1960,1248,Y,7
129800,816,8550,1934,816,Y,8
137000,1008,11425,1954,1008,Y,6
137000,1043,9724,1947,938,Y,7
121600,1230,4712,1946,747,Y,7
85500,869,5900,1923,440,Y,7
79900,747,5825,1926,600,Y,5
127000,1252,7438,1908,504,Y,8
161000,1433,9600,1961,1251,Y,6
146500,1624,10858,1952,1444,Y,6
135000,1216,9600,1951,1056,Y,5
137900,2136,10680,1951,2136,N,3
133000,1578,9490,1941,806,Y,7
137000,1728,9462,1949,704,Y,6
121000,936,9888,1954,936,Y,6
119000,1584,8917,1967,1584,Y,5
172000,1246,12700,1964,1246,Y,5
98600,1235,8500,1961,1235,Y,3
226000,2157,14200,1966,924,Y,6
118000,1128,9000,1954,936,Y,5
235000,3112,25419,1918,1360,Y,4
135000,1008,9723,1963,1008,Y,7
132500,1190,7728,1962,1106,Y,6
143000,1144,8163,1959,1144,Y,6
132000,1364,8400,1957,1179,Y,5
145250,1383,11600,1960,1383,Y,5
162000,1336,9610,1958,1121,Y,6
148000,1370,10000,1956,1058,Y,6
141000,1092,14850,1957,1092,Y,5
153000,1124,10152,1956,1124,Y,6
134450,1236,10011,1957,1070,Y,6
135960,943,7032,1979,943,Y,5
156000,1050,8092,1954,1050,Y,8
140000,1375,11310,1954,1367,Y,5
139500,1008,12778,1952,1008,Y,6
155000,1575,10170,1951,216,Y,6
127000,1145,7700,1956,301,Y,7
133500,1005,11050,1956,1005,Y,5
125000,1056,13600,1955,1056,Y,6
142000,884,15428,1951,884,Y,6
167000,2039,21299,1941,929,Y,5
159000,1384,13300,1956,1015,Y,5
180000,2640,22136,1925,2171,Y,5
127000,1312,7500,1947,784,Y,6
112000,1310,7000,1924,617,Y,6
99800,713,10410,1930,713,Y,8
117000,833,5400,1954,833,Y,7
108480,1073,5400,1921,1073,Y,6
68000,715,10914,1929,715,N,3
86900,720,7008,1900,448,Y,8
120000,1130,10800,1920,1120,Y,6
155500,1595,7200,1915,663,Y,8
80000,1760,10818,1910,1077,Y,4
105000,1214,10410,1915,672,Y,4
160000,2414,10800,1900,954,N,4
170000,1466,10800,1936,796,Y,8
160000,1324,8658,1965,1088,Y,5
159950,1086,13400,1966,1024,Y,5
165000,1146,10184,1963,1083,Y,5
159000,1734,9786,1962,912,Y,7
147000,1207,9510,1962,1135,Y,5
115000,912,7800,1964,912,Y,5
159500,1194,8910,1959,655,Y,6
120000,864,7332,1959,864,Y,6
129900,816,7100,1957,816,Y,7
183000,1773,10800,1961,1313,Y,6
157500,1472,11650,1959,0,Y,5
277500,2448,18275,1962,1438,Y,8
207500,1600,16321,1957,1484,Y,6
147500,1521,12144,1950,910,Y,6
135000,1192,10800,1949,720,N,4
109500,1040,7200,1950,0,Y,7
109900,1040,7200,1950,0,Y,5
133700,1040,7560,1959,1040,Y,5
81400,1040,8544,1950,0,N,4
87500,1040,8544,1949,0,N,4
93500,1040,8544,1950,0,N,4
119000,1556,8512,1960,1556,Y,5
141000,1150,7945,1959,1150,Y,6
146000,1150,7000,1961,1150,Y,4
155000,1348,7590,1966,660,Y,5
134500,999,10205,1962,925,Y,5
120000,1045,7400,1962,1045,Y,6
105000,864,7000,1962,864,Y,6
124000,1025,7000,1962,1025,Y,5
169000,2014,9856,1900,716,Y,8
107000,1328,9906,1925,686,N,4
135000,1668,9600,1948,1212,Y,6
111500,1657,5520,1920,1147,N,6
156500,1416,9600,1900,780,Y,8
178000,1641,9600,1925,728,Y,7
139900,1428,6451,1900,712,Y,7
105000,1004,3960,1930,502,N,8
110000,813,5684,1930,813,Y,8
111500,1951,7745,1900,938,N,6
108000,1032,7741,1924,1032,N,5
111500,844,5633,1925,844,Y,7
124000,1750,9000,1880,636,Y,6
105000,864,7200,1950,576,Y,5
116000,1118,4400,1920,648,Y,8
96900,1376,7614,1905,738,Y,5
135500,960,6000,1955,960,Y,7
139000,1566,6000,1924,816,Y,7
61500,492,7830,1921,492,Y,5
120000,1182,9576,1945,770,Y,7
126175,1163,5820,1955,1162,Y,8
64000,840,5747,1920,798,Y,4
137000,1928,9142,1910,1020,N,8
87000,1774,9600,1900,1095,N,2
163000,1768,10800,1914,880,N,7
155000,2104,6300,1910,1226,Y,6
79000,1440,5000,1900,540,N,4
144000,1690,8850,1916,815,Y,6
114504,1368,3600,1910,684,N,7
157000,1762,7200,1920,596,Y,7
125000,1200,11340,1923,1200,Y,5
475000,3608,22950,1892,1107,Y,9
93500,1248,5976,1920,624,N,7
125000,960,9750,1958,960,Y,5
64500,1020,4761,1918,1020,N,3
100000,788,7446,1941,788,Y,5
140200,1577,6435,1939,972,Y,5
202500,1827,11737,1924,848,N,7
159000,1664,5000,1947,1004,Y,7
119900,1118,7800,1939,793,Y,7
114500,1176,6240,1934,816,Y,6
115000,1344,6240,1936,896,Y,4
75000,1162,6120,1930,728,Y,5
88000,1015,6120,1925,768,N,7
80500,912,6240,1947,0,N,5
149000,1576,6240,1928,1042,Y,6
110000,1324,6120,1930,741,Y,7
110500,1103,6000,1925,1103,Y,6
89000,616,6000,1921,616,Y,7
113000,1048,6380,1922,993,Y,6
109000,816,11672,1925,816,Y,5
220000,2486,33120,1962,1595,Y,5
129000,960,9873,1970,960,N,5
117000,1635,5310,1910,485,Y,8
52500,693,4118,1941,693,N,4
107000,1430,10320,1924,596,Y,5
116500,1330,7518,1910,396,Y,8
72000,819,9000,1919,610,N,4
119500,1376,8600,1937,780,Y,6
125500,1360,7200,1938,803,Y,6
91000,1077,9786,1922,1007,N,4
84500,754,6780,1935,520,N,8
90000,984,7200,1930,984,Y,6
137500,1422,12375,1951,806,Y,5
150000,1921,11136,1964,1921,Y,5
131000,1640,21370,1950,0,Y,5
130000,1352,6930,1958,1062,Y,4
125000,1032,8250,1935,0,N,7
80000,879,5220,1936,830,Y,3
157000,1073,5500,2004,1073,Y,5
148000,1382,11235,1963,1051,Y,5
90000,1296,10791,1967,0,Y,5
154500,1068,8414,1963,1059,Y,8
153600,1064,11327,1967,1064,Y,6
164500,1320,11777,1966,1164,Y,6
132000,934,10366,1964,912,Y,7
142500,1059,9000,1966,1059,Y,6
158000,1159,11553,1968,1051,Y,5
149500,1400,7844,1978,672,Y,7
165000,1458,9535,1967,1176,Y,5
180000,1721,10335,1968,1461,Y,6
160500,1040,7176,1978,960,Y,6
156500,1967,9662,1977,1967,Y,4
157000,1949,8235,1977,1949,Y,4
172500,1920,13650,1958,1052,Y,5
155000,1803,13125,1957,1134,Y,4
170000,1779,17920,1955,1763,Y,4
105000,872,17529,1924,872,N,5
145000,960,10246,1965,648,Y,9
168000,1437,14175,1956,1188,Y,6
278000,1830,20355,1967,1865,Y,6
164000,1000,13050,1963,1000,Y,6
225000,2287,15593,1953,1304,Y,4
130000,810,10820,1971,782,Y,7
142500,894,13350,1974,864,Y,5
148400,1700,1700,1980,430,Y,5
190000,1453,5271,1986,1453,Y,5
146000,1350,9375,1954,967,Y,5
128000,1150,6488,1942,799,N,5
225000,2008,7800,1948,896,Y,8
274970,2201,19690,1966,697,Y,7
235000,2009,19950,1928,672,Y,7
415000,3672,19800,1935,1836,Y,8
182000,1560,11679,1962,1776,Y,5
135000,1488,12048,1952,0,Y,6
137000,1057,10519,1955,1057,Y,8
136900,1855,9525,1954,994,Y,4
149900,1609,9525,1953,1000,Y,5
123500,1148,6420,1952,980,Y,7
93000,1124,8335,1954,0,Y,5
91500,1456,7585,1948,810,Y,3
180000,1298,11200,1985,1298,Y,5
209000,2559,12128,1989,868,Y,4
215000,1911,9554,1993,777,Y,5
224500,1440,9069,1993,1344,Y,8
229800,1876,11003,2005,1308,Y,5
183600,1208,7488,2005,1208,Y,5
194000,1220,7406,2006,1199,Y,5
193879,1294,6762,2006,1286,Y,5
221500,1614,11210,2005,1614,Y,5
204900,1498,8990,2006,1498,Y,5
239799,1962,8760,2006,1391,Y,5
233555,1846,13377,2006,1836,Y,5
260000,1734,11645,2005,1734,Y,5
294900,1590,11645,2005,1570,Y,5
209700,1809,10984,2005,945,Y,5
225000,1614,9316,2005,1614,Y,5
181000,1596,9316,2005,784,Y,5
220000,1915,10041,1992,908,Y,5
190000,1582,36500,1964,1624,Y,5
180000,988,21453,1969,938,Y,5
280000,1533,70761,1975,1533,Y,5
158900,1388,12000,1968,1388,Y,5
148000,914,8846,1996,870,Y,5
145000,1100,13015,1996,1100,Y,6
187000,1499,12438,1995,781,Y,5
193000,1425,8685,1998,1425,Y,5
156000,990,13568,1995,990,Y,5
235000,1525,9100,2000,1525,Y,5
217000,1494,9236,1997,1479,Y,5
214000,1588,10264,1999,1588,Y,5
196000,1749,9272,1999,842,Y,5
217000,1779,13426,1999,951,Y,5
200000,1861,13450,2002,916,Y,5
192500,1776,14006,2002,936,Y,5
205000,1541,13704,2001,1541,Y,5
132500,954,10780,1976,911,Y,5
157500,1388,8340,1977,675,Y,6
174000,1282,10385,1978,995,Y,6
128500,971,9920,1969,971,Y,6
128500,864,9560,1972,864,Y,7
149900,894,9800,1972,894,Y,7
119900,864,7200,1972,864,Y,8
137000,1320,3612,1993,630,Y,5
255000,1989,11367,2002,1065,Y,5
222000,1762,9930,2002,826,Y,5
214000,1755,9468,1999,840,Y,5
220000,1358,11088,2002,1348,Y,5
275000,1787,14781,2001,1753,Y,5
197000,1909,8726,2002,872,Y,5
230000,1654,8125,2002,1654,Y,5
268500,2214,10566,1999,1090,Y,5
210900,2049,21533,1996,1065,Y,5
227000,1939,11250,1998,1054,Y,5
237000,1995,11250,1995,930,Y,5
274300,2097,9750,1998,1108,Y,6
216837,1836,9100,2004,1860,Y,5
133000,848,4435,2003,848,Y,5
155900,848,4435,2004,848,Y,5
233230,1919,15611,2006,1079,Y,5
207000,1390,8810,2003,1390,Y,5
195000,1948,12393,2004,847,Y,5
200000,1700,9135,2003,1682,Y,5
203160,1737,8581,2006,851,Y,5
195800,1611,8400,2005,784,Y,5
212900,1552,10084,2005,1552,Y,5
196500,1720,11645,2004,860,Y,5
198000,1336,8772,2005,1336,Y,5
173900,1500,8846,2005,750,Y,5
163990,1456,8461,2005,728,Y,5
164990,1310,8767,2005,1310,Y,5
98000,1436,8777,1910,676,Y,6
149900,1466,17755,1959,1466,Y,4
102000,1220,8877,1951,836,Y,5
127500,1012,7840,1975,976,Y,5
127500,980,9400,1975,945,Y,5
119900,1176,16133,1969,1176,Y,4
196500,1724,7162,2003,796,Y,5
117250,914,8050,2002,914,Y,5
229000,2314,11060,2003,1150,Y,5
145000,1072,3675,2005,547,Y,5
140000,1072,3675,2005,547,Y,5
142500,1072,3675,2005,547,Y,5
134000,1709,2522,2004,970,Y,5
130000,1709,2522,2004,970,Y,5
130000,1709,2522,2004,970,Y,5
137500,1709,2522,2004,970,Y,5
130000,1708,3363,2004,976,Y,5
97900,936,6956,1948,624,Y,7
92000,1338,7822,1915,832,Y,3
107000,1669,8707,1924,1093,N,5
81000,1184,8410,1910,658,Y,3
104900,1221,9738,1924,784,Y,7
115000,864,8172,1955,864,Y,7
125000,1482,16012,1954,954,Y,4
116000,1250,8248,1918,686,Y,7
83000,1414,8248,1922,864,N,4
118500,2230,6204,1912,795,N,5
35000,498,8088,1922,498,N,3
121000,1273,11388,1910,616,N,7
160000,1928,7082,1916,686,Y,8
140000,1595,8400,1940,940,Y,5
137000,1551,10890,1938,1058,Y,5
128000,1340,6430,1945,780,N,6
160000,1479,7000,1926,624,Y,8
138887,1784,13132,1914,747,Y,5
149000,1510,4899,1920,755,Y,8
102000,1522,6000,1926,1008,Y,5
167000,1636,9399,1919,818,Y,8
200100,1802,7588,1920,793,Y,6
131000,1465,10164,1939,992,Y,5
112000,1288,6191,1941,824,N,4
140000,1717,9550,1915,756,Y,5
195000,1550,21780,1920,817,Y,5
230000,1517,11435,1929,792,Y,7
194000,1717,12400,1940,901,Y,6
137500,1180,11600,1922,700,Y,5
250000,2057,11500,1936,1017,Y,7
218000,1671,8170,1929,1022,Y,7
239000,2345,16560,1932,952,Y,8
199500,1609,12320,1932,637,Y,7
210000,1801,14210,1930,697,Y,7
230000,1811,14115,1956,1073,Y,7
217500,1647,12984,1977,1430,Y,6
257000,2315,15600,1950,1168,Y,7
157000,1336,15750,1953,1165,Y,5
223000,1844,16381,1969,1844,Y,5
102000,976,7288,1942,976,N,6
145400,1285,7000,1926,861,Y,7
72000,672,8534,1925,432,N,4
85000,641,7030,1925,641,Y,6
106500,951,8765,1936,951,N,6
139000,1638,9060,1957,967,Y,5
108000,1336,11040,1920,637,Y,6
51689,729,12366,1945,0,N,5
35311,480,9000,1949,480,N,3
115000,1396,9000,1951,660,N,6
78000,936,8520,1916,216,N,5
375000,1778,5748,2005,1573,Y,5
300000,1646,3842,2004,1594,Y,5
242500,1625,23580,1979,1625,Y,6
145000,1664,8385,1978,1664,Y,5
209000,1491,9116,2001,1491,Y,5
135000,1004,10530,1977,975,Y,5
148000,1210,11080,1975,1128,Y,6
171000,1959,11070,1988,1907,Y,5
335000,2519,26178,1989,1210,Y,5
230000,1295,8239,1986,0,Y,5
250764,1650,50102,1958,1632,Y,5
228000,1707,16669,1981,1686,Y,6
176000,1137,13811,1987,1112,Y,6
180000,1339,8049,1990,1309,Y,5
250000,2514,11170,1990,1216,Y,5
202000,1403,8098,2000,1381,Y,5
312500,1800,14331,2002,1800,Y,5
320000,1960,13618,2005,1728,Y,5
369900,2028,11443,2005,1868,Y,5
359900,1838,11577,2005,1838,Y,5
81500,1600,31250,1951,0,Y,3
215000,1368,7020,1997,1288,Y,5
164000,1216,4500,1998,1216,Y,5
153500,1337,4500,1998,1237,Y,5
84500,1140,17217,2006,1140,Y,5
104500,1304,2665,1977,264,Y,6
127000,1475,2665,1977,757,Y,6
151400,2521,3964,1973,942,Y,4
126500,874,10172,1968,864,Y,7
146500,1652,11836,1970,1652,Y,5
73000,630,1470,1970,630,Y,6
79400,1092,1484,1972,546,Y,4
140000,1360,13384,1969,1104,Y,5
92000,630,1533,1970,630,Y,7
87550,1092,1533,1970,546,Y,5
79500,1092,1526,1970,546,Y,5
90500,1092,1936,1970,546,Y,7
71000,1092,1894,1970,546,Y,5
150900,1728,12640,1976,1728,Y,5
188000,1728,9297,1976,1728,Y,5
160000,1126,17400,1977,1126,Y,5
131000,1224,20000,1960,1224,Y,7
142500,1003,7937,1984,1003,Y,6
131000,902,8885,1983,864,Y,5
132000,970,10441,1992,912,Y,5
170000,1389,10010,1974,1389,Y,5
188000,2000,9627,1993,996,Y,5
